,Unnamed: 0,artist_names,artists_id,danceability,energy,valence,tempo,loudness,mode,key,acousticness,instrumentalness,liveness,speechiness,explicit,duration_ms,popularity,year,release_date,song_title (censored),genre,cluster
0,3,"[""Alexander O'Neal""]",625201,0.7609999999999999,0.7020000000000001,0.85,104.773,-8.523,1,7,0.108,3.13e-05,0.0935,0.0389,0,304427,34,1991,1/1/1991,All True Man,R&B;,1
1,4,"[""Alexander O'Neal""]",625201,0.6609999999999999,0.828,0.902,115.078,-12.673,0,11,0.276,1.4e-06,0.287,0.039,0,264933,37,1987,7/29/1987,(What Can I Say) To Make You Love Me,R&B;,1
2,5,"[""Alexander O'Neal""]",625201,0.7190000000000001,0.65,0.953,105.141,-12.947,0,7,0.0103,4.36e-05,0.133,0.0265,0,277773,34,1987,7/29/1987,The Lovers,R&B;,1
3,6,"[""Alexander O'Neal""]",625201,0.649,0.245,0.273,112.709,-17.585,1,11,0.496,0.0,0.174,0.0286,0,312733,29,1987,7/29/1987,Crying Overtime,R&B;,1
4,7,"[""Alexander O'Neal""]",625201,0.701,0.715,0.735,101.515,-14.999,0,11,0.06,0.0,0.354,0.0291,0,241107,32,1987,7/29/1987,Hearsay,R&B;,1
5,8,"[""Alexander O'Neal""]",625201,0.629,0.414,0.458,138.932,-15.002,1,1,0.544,0.000802,0.0731,0.0299,0,359200,47,1987,7/29/1987,Sunshine,R&B;,1
6,9,"[""Alexander O'Neal""]",625201,0.624,0.555,0.185,81.102,-9.646,0,5,0.042,0.000391,0.224,0.0271,0,370560,48,1995,10/1/1995,If You Were Here *******,R&B;,2
7,10,"[""Alexander O'Neal""]",625201,0.735,0.6940000000000001,0.755,112.846,-13.515,0,6,0.0011,0.0521,0.218,0.0348,0,235493,42,1987,7/29/1987,Fake,R&B;,1
8,11,"[""Alexander O'Neal""]",625201,0.659,0.759,0.74,116.943,-12.455,0,11,0.0792,1.09e-06,0.0564,0.0436,0,247400,53,1987,7/29/1987,Criticize,R&B;,2
9,12,"[""Alexander O'Neal""]",625201,0.75,0.59,0.8029999999999999,104.101,-11.799,1,5,0.321,0.0,0.115,0.0346,0,309400,40,1987,7/29/1987,Never Knew Love Like This,R&B;,1
10,123,"[""Colby O'Donis"", 'Akon']",106145,0.775,0.6409999999999999,0.305,119.974,-6.718,1,1,0.0327,0.0,0.18,0.038,0,243013,57,2008,1/1/2008,What You Got - Main,R&B;,2
11,124,"[""Colby O'Donis""]",106145,0.773,0.639,0.31,119.97,-6.738,1,1,0.0333,0.0,0.166,0.038,0,243240,44,2008,2008,What You Got (feat. Akon),R&B;,2
12,125,"[""D'Angelo""]",134600,0.8029999999999999,0.236,0.5670000000000001,80.97399999999999,-12.599,1,7,0.343,0.598,0.0682,0.0994,1,314166,42,1995,7/3/1995,"****, ****, ****",R&B;,1
13,126,"[""D'Angelo""]",134600,0.638,0.395,0.316,78.516,-11.299,0,4,0.7240000000000001,0.569,0.0761,0.1,0,344347,57,2014,12/15/2014,Really Love,R&B;,2
14,127,"[""D'Angelo""]",134600,0.407,0.399,0.5379999999999999,67.85600000000001,-12.483,1,1,0.457,3.379999999999999e-05,0.209,0.354,0,327733,40,1995,7/3/1995,Higher,R&B;,1
15,128,"[""D'Angelo""]",134600,0.643,0.473,0.509,81.944,-11.924,1,9,0.425,0.0227,0.0904,0.0957,0,313533,41,1995,7/3/1995,Alright,R&B;,1
16,129,"[""D'Angelo""]",134600,0.8420000000000001,0.405,0.8240000000000001,91.97200000000001,-9.504,1,1,0.219,0.0,0.368,0.628,1,286467,45,2000,1/1/2000,Left And Right,R&B;,2
17,130,"[""D'Angelo""]",134600,0.897,0.498,0.685,91.088,-10.093,0,11,0.108,0.0117,0.6579999999999999,0.312,0,278573,44,2000,1/1/2000,Chicken Grease,R&B;,2
18,131,"[""D'Angelo""]",134600,0.866,0.41,0.7040000000000001,80.194,-7.348,1,0,0.498,0.00019,0.0933,0.457,0,393107,43,2000,1/1/2000,The Root,R&B;,2
19,132,"[""D'Angelo""]",134600,0.507,0.691,0.453,79.314,-7.357,0,0,0.255,1.6e-05,0.885,0.0764,0,246560,40,1998,6/30/1998,Can't Hide Love - Live,R&B;,2
20,13,"[""Anita O'Day"", 'Roy Eldridge']",479028,0.514,0.327,0.602,126.221,-10.422,1,8,0.841,0.00127,0.0717,0.0366,0,233773,11,1956,1/1/1956,Boogie *****,Vocal,0
21,14,"[""Anita O'Day"", 'Roy Eldridge']",479028,0.547,0.394,0.539,127.598,-10.591,1,6,0.7240000000000001,0.000113,0.0789,0.0511,0,215667,9,1956,1/1/1956,Opus *,Vocal,0
22,15,"[""Anita O'Day"", 'Roy Eldridge']",479028,0.611,0.506,0.7659999999999999,152.032,-6.129,1,8,0.9620000000000001,0.0046,0.0533,0.0559,0,187560,17,1941,1941,Thanks For The Boogie Ride,Vocal,0
23,16,"[""Anita O'Day"", 'Roy Eldridge']",479028,0.57,0.523,0.7829999999999999,76.27199999999999,-5.531000000000001,1,8,0.961,0.005679999999999999,0.0543,0.07200000000000001,0,187507,1,1932,1932,Thanks For The Boogie Ride,Vocal,0
24,17,"[""Anita O'Day"", 'Roy Eldridge']",479028,0.519,0.345,0.535,133.331,-9.508,1,8,0.804,0.0,0.0739,0.0386,0,204000,14,1956,1/1/1956,Let Me *** Uptown,Vocal,0
25,18,"[""Anita O'Day""]",479028,0.563,0.0731,0.226,75.316,-19.433,1,2,0.9570000000000001,0.0,0.179,0.0345,0,126893,18,1957,1/1/1957,Stella By Starlight,Vocal,0
26,19,"[""Anita O'Day""]",479028,0.461,0.0314,0.177,62.738,-22.119,1,10,0.9329999999999999,0.00023,0.0858,0.0381,0,197707,11,1960,1/1/1960,Easy Living,Vocal,0
27,20,"[""Anita O'Day""]",479028,0.491,0.385,0.626,86.81200000000001,-9.2,1,2,0.623,0.0,0.176,0.0334,0,87120,12,1960,1/1/1960,Falling In Love With Love,Vocal,0
28,21,"[""Anita O'Day""]",479028,0.502,0.111,0.459,115.41,-18.55,1,2,0.892,1.97e-05,0.35,0.0606,0,148187,18,1961,3/14/1961,That Old Feeling,Vocal,0
29,22,"[""Anita O'Day""]",479028,0.534,0.0486,0.228,69.571,-15.446,0,10,0.99,0.000196,0.092,0.0353,0,254667,8,1955,1/1/1955,The Man I Love,Vocal,0
30,23,"[""Anita O'Day""]",479028,0.539,0.131,0.334,86.486,-15.584,1,10,0.966,8.91e-06,0.172,0.0564,0,166373,5,1955,1/1/1955,You're Getting To Be A Habit With Me,Vocal,0
31,24,"[""Anita O'Day""]",479028,0.643,0.138,0.653,91.234,-14.227,1,5,0.9640000000000001,0.0,0.087,0.0535,0,149067,5,1955,1/1/1955,Let's Fall In Love,Vocal,0
32,25,"[""Anita O'Day""]",479028,0.428,0.0667,0.216,74.546,-21.515,1,3,0.9790000000000001,0.00153,0.148,0.0627,0,235267,15,1957,1/1/1957,"Bewitched, Bothered And Bewildered",Vocal,0
33,26,"[""Anita O'Day""]",479028,0.418,0.365,0.883,184.252,-10.673,1,9,0.762,0.0,0.0489,0.129,0,103000,19,1959,1/1/1959,All Of You,Vocal,0
34,27,"[""Anita O'Day""]",479028,0.648,0.0391,0.327,76.184,-22.378,1,9,0.977,5.59e-05,0.0917,0.0372,0,241000,16,1957,1/1/1957,I've Got The World On A String,Vocal,0
35,28,"[""Anita O'Day""]",479028,0.53,0.273,0.629,103.756,-15.494,1,8,0.892,0.0,0.329,0.115,0,142333,17,1959,1/1/1959,I Get A Kick Out Of You,Vocal,0
36,29,"[""Anita O'Day""]",479028,0.49,0.512,0.805,167.967,-13.115,1,8,0.7490000000000001,8.740000000000001e-05,0.235,0.095,0,160307,13,1957,1/1/1957,Them There Eyes,Vocal,0
37,30,"[""Anita O'Day""]",479028,0.6990000000000001,0.147,0.4370000000000001,116.689,-16.751,1,7,0.8809999999999999,0.0,0.128,0.0501,0,220640,14,1957,1/1/1957,We'll Be Together *****,Vocal,0
38,31,"[""Anita O'Day""]",479028,0.574,0.131,0.66,130.925,-16.161,0,11,0.789,0.0,0.222,0.123,0,185440,14,1958,1/1/1958,Frenesi,Vocal,0
39,32,"[""Anita O'Day""]",479028,0.508,0.371,0.733,124.116,-11.54,1,1,0.5,0.0,0.345,0.0954,0,111933,10,1960,1/1/1960,Have You Met Miss Jones,Vocal,0
40,115,"[""Boys Don't Cry""]",80609,0.7490000000000001,0.626,0.77,142.565,-12.426,1,0,0.0115,0.5670000000000001,0.0558,0.0393,0,366133,41,1985,1985,I Wanna Be A ******,Pop/Rock,1
41,116,"[""Boys Don't Cry""]",80609,0.7190000000000001,0.797,0.637,142.567,-6.988,1,0,0.00762,0.312,0.0993,0.0351,0,242893,29,1985,1985,I Wanna Be A ****** - **** Remaster,Pop/Rock,1
42,118,"[""Cap'n Jazz""]",654543,0.299,0.9129999999999999,0.156,101.059,-7.645,1,9,0.00158,0.00331,0.122,0.0598,0,236560,38,1998,1/8/1998,Little League,Pop/Rock,2
43,119,"[""Cap'n Jazz""]",654543,0.4370000000000001,0.703,0.524,93.134,-6.957999999999999,0,6,0.00104,0.000719,0.0857,0.0376,0,183173,37,1998,1/8/1998,Take On Me,Pop/Rock,2
44,120,"[""Cap'n Jazz""]",654543,0.472,0.907,0.376,107.294,-6.386,1,7,0.000691,0.000532,0.102,0.0545,0,122880,41,1998,1/8/1998,Oh Messy Life,Pop/Rock,2
45,121,"[""Cherry Poppin' Daddies""]",775588,0.537,0.9009999999999999,0.818,107.265,-8.301,1,0,0.0373,0.00152,0.0689,0.0819,0,220000,31,1990,1990,Dr. Bones,Pop/Rock,1
46,122,"[""Cherry Poppin' Daddies""]",775588,0.568,0.706,0.8959999999999999,184.126,-8.679,0,8,0.175,0.0,0.157,0.0837,0,233039,47,1997,3/18/1997,Zoot Suit Riot,Pop/Rock,2
47,200,"[""Enuff Z'nuff""]",741512,0.373,0.884,0.28,130.099,-7.707000000000001,1,4,0.00409,0.0,0.329,0.0421,0,257920,37,1989,8/18/1989,New Thing,Pop/Rock,1
48,201,"[""Flamin' Groovies""]",180263,0.495,0.632,0.376,137.105,-12.941,1,8,0.0254,0.0332,0.237,0.0404,0,273307,35,1989,1989,Shake **** Action,Pop/Rock,1
49,202,"[""Flamin' Groovies""]",180263,0.621,0.843,0.7829999999999999,117.92,-8.565,0,1,0.0307,2.29e-06,0.133,0.0298,0,150146,29,1976,1976,Yes It's True,Pop/Rock,1
50,203,"[""Flamin' Groovies""]",180263,0.631,0.593,0.58,128.47,-11.485,1,5,0.0866,0.122,0.374,0.0444,0,252347,29,1989,1989,Don't Put Me On,Pop/Rock,1
51,204,"[""Flamin' Groovies""]",180263,0.5539999999999999,0.97,0.551,117.123,-3.919,1,9,0.226,0.00478,0.11,0.0511,0,171867,24,1971,1971,Teenage Head,Pop/Rock,0
52,205,"[""Flamin' Groovies""]",180263,0.364,0.657,0.515,107.101,-9.073,1,7,0.00355,0.000378,0.338,0.0407,0,140786,24,1976,1976,*********,Pop/Rock,1
53,206,"[""Flamin' Groovies""]",180263,0.481,0.6709999999999999,0.369,125.646,-11.527,1,2,0.0798,0.0,0.286,0.0509,0,172706,24,1976,1976,You Tore Me Down,Pop/Rock,1
54,207,"[""Flamin' Groovies""]",180263,0.495,0.632,0.376,137.105,-12.941,1,8,0.0254,0.0332,0.237,0.0404,0,273307,48,1976,1976,Shake **** Action,Pop/Rock,1
55,208,"[""Flamin' Groovies""]",180263,0.403,0.7759999999999999,0.348,149.119,-4.553999999999999,0,4,0.376,6.99e-05,0.104,0.0366,0,286840,44,1971,1971,Whiskey Woman,Pop/Rock,1
56,209,"[""Flamin' Groovies""]",180263,0.459,0.8290000000000001,0.404,146.843,-9.974,1,2,0.00376,2.49e-06,0.11,0.0662,0,263733,44,1989,1989,Slow Death,Pop/Rock,1
57,210,"[""Flamin' Groovies""]",180263,0.614,0.79,0.9229999999999999,101.937,-3.867,1,4,0.0703,0.0012,0.0633,0.0321,0,237867,33,1971,1971,*********** Numbers,Pop/Rock,1
58,211,"[""Fun Lovin' Criminals""]",800695,0.752,0.6809999999999999,0.713,95.8,-7.397,0,11,0.0676,0.382,0.174,0.0298,0,193147,47,1996,2/20/1996,The Fun Lovin' Criminal,Pop/Rock,2
59,212,"[""Fun Lovin' Criminals""]",800695,0.76,0.5770000000000001,0.293,104.61,-7.899,1,2,0.0139,0.0306,0.0745,0.0339,1,184000,55,1996,2/20/1996,Scooby Snacks,Pop/Rock,2
60,117,"[""Caedmon's Call""]",942624,0.545,0.464,0.643,82.015,-11.483,1,8,0.5760000000000001,8.740000000000001e-05,0.126,0.031,0,281400,40,1999,1999,Faith My Eyes,Religious,2
61,3718,['Michelle Williams'],398020,0.265,0.312,0.0998,54.747,-11.689,1,7,0.243,0.0,0.0893,0.0569,0,269453,75,2017,12/8/2017,A Million Dreams,Religious,2
62,3719,['Michelle Williams'],398020,0.351,0.331,0.191,161.564,-10.316,1,9,0.3,9.14e-06,0.0919,0.0382,0,234360,69,2017,12/8/2017,Tightrope,Religious,2
63,4329,"['Passion', 'Chris Tomlin']",155170,0.181,0.4320000000000001,0.159,68.32600000000001,-8.922,1,11,0.545,0.0,0.965,0.0387,0,274814,48,2011,3/4/2011,"Lord, I Need You - Live",Religious,2
64,4330,"['Passion', 'Chris Tomlin']",155170,0.337,0.418,0.305,131.985,-10.758,1,4,0.101,0.0,0.395,0.034,0,574973,38,2000,10/12/2000,You Are My King (Amazing Love) - Live,Religious,2
65,4377,['Passion'],155170,0.301,0.762,0.223,161.864,-3.392,1,7,0.0919,0.0,0.0822,0.0402,0,254373,51,2015,4/28/2015,Even So Come - Radio Version/Live,Religious,2
66,4378,['Passion'],155170,0.428,0.73,0.161,147.976,-4.435,1,11,0.00497,0.0,0.244,0.0286,0,239613,54,2012,1/1/2012,One Thing Remains,Religious,2
67,4379,['Passion'],155170,0.3779999999999999,0.596,0.172,135.968,-5.406000000000001,1,5,0.0182,1.14e-05,0.144,0.0323,0,339493,58,2013,1/1/2013,In Christ Alone - Live,Religious,2
68,4380,['Passion'],155170,0.317,0.562,0.218,76.915,-8.719,1,11,0.0925,0.0,0.893,0.0343,0,327400,48,2006,1/1/2006,Jesus Paid It All,Religious,2
69,4381,['Passion'],155170,0.49,0.805,0.166,109.951,-4.578,1,2,0.00289,3.19e-06,0.141,0.0424,0,298520,62,2017,2/17/2017,Glorious Day - Live,Religious,2
70,4385,['Skillet'],749571,0.431,0.9079999999999999,0.317,172.164,-3.732,0,11,0.00466,0.0,0.0693,0.0388,0,204787,50,2009,8/24/2009,"It's Not Me, It's You",Religious,2
71,4386,['Skillet'],749571,0.64,0.9570000000000001,0.6920000000000001,134.992,-2.336,1,8,0.0431,0.0,0.0789,0.0741,0,178013,60,2009,8/24/2009,Monster,Religious,2
72,4387,['Skillet'],749571,0.629,0.9329999999999999,0.589,127.0,-3.051,1,8,0.00389,0.0,0.114,0.0693,0,190360,55,2013,6/21/2013,Sick of It,Religious,2
73,4388,['Skillet'],749571,0.351,0.9440000000000001,0.428,187.736,-3.71,1,5,0.000249,0.00218,0.0678,0.12,0,252453,45,2003,11/18/2003,Forsaken,Religious,2
74,4389,['Skillet'],749571,0.394,0.878,0.5920000000000001,176.173,-3.418,1,2,0.000284,0.0,0.0583,0.0696,0,237733,46,2006,10/3/2006,Better Than Drugs,Religious,2
75,4390,['Skillet'],749571,0.5329999999999999,0.9670000000000001,0.782,142.018,-2.543,1,1,0.007909999999999999,0.0,0.336,0.0995,0,186813,58,2009,8/24/2009,Hero,Religious,2
76,4391,['Skillet'],749571,0.4970000000000001,0.8190000000000001,0.276,126.002,-4.352,1,8,0.151,0.0,0.108,0.0424,0,252280,49,2009,8/24/2009,Would It Matter,Religious,2
77,4392,['Skillet'],749571,0.384,0.909,0.457,159.999,-3.706,0,11,0.00151,0.0,0.331,0.0568,0,176707,48,2009,8/24/2009,Dead Inside,Religious,2
78,4393,['Skillet'],749571,0.5710000000000001,0.9670000000000001,0.7120000000000001,161.962,-3.717,1,9,0.00642,5.8e-06,0.227,0.0716,0,213587,60,2016,8/5/2016,Back from the Dead,Religious,2
79,4394,['Skillet'],749571,0.383,0.722,0.227,152.017,-3.534,1,2,0.0149,0.0,0.237,0.0283,0,221267,46,2006,10/3/2006,Yours to Hold,Religious,2
80,345,"[""Howlin' Wolf"", 'Eric Clapton', 'Steve Winwood', 'Bill Wyman', 'Charlie Watts', 'Hubert Sumlin']",276085,0.506,0.773,0.946,123.616,-7.01,1,2,0.445,6.89e-06,0.266,0.0493,0,167427,31,1971,8/1/1971,Highway 49,Blues,1
81,346,"[""Howlin' Wolf"", 'Eric Clapton', 'Steve Winwood', 'Bill Wyman', 'Charlie Watts', 'Hubert Sumlin']",276085,0.57,0.8370000000000001,0.737,100.131,-7.053999999999999,0,11,0.144,0.0691,0.513,0.0784,0,139827,28,1971,8/1/1971,Do The Do,Blues,1
82,347,"[""Howlin' Wolf"", 'Eric Clapton', 'Steve Winwood', 'Bill Wyman', 'Charlie Watts', 'Hubert Sumlin']",276085,0.547,0.561,0.551,139.13,-7.339,1,2,0.413,7.5e-06,0.201,0.0287,0,182277,27,1971,8/1/1971,What A Woman,Blues,1
83,348,"[""Howlin' Wolf"", 'Eric Clapton', 'Steve Winwood', 'Bill Wyman', 'Charlie Watts', 'Hubert Sumlin']",276085,0.505,0.5670000000000001,0.591,117.984,-8.942,1,2,0.0535,0.00263,0.391,0.0371,0,239444,35,1971,8/1/1971,Red Rooster,Blues,1
84,349,"[""Howlin' Wolf"", 'Eric Clapton', 'Steve Winwood', 'Bill Wyman', 'Charlie Watts', 'Hubert Sumlin']",276085,0.624,0.792,0.792,116.583,-7.567,1,7,0.298,0.00028,0.113,0.0427,0,223947,33,1971,8/1/1971,Rockin' Daddy,Blues,1
85,350,"[""Howlin' Wolf"", 'Eric Clapton', 'Steve Winwood', 'Bill Wyman', 'Charlie Watts']",276085,0.705,0.722,0.753,120.81,-8.638,1,9,0.177,1.68e-05,0.172,0.0504,0,270173,24,1971,8/1/1971,**** Dang Doodle,Blues,0
86,351,"[""Howlin' Wolf"", 'Eric Clapton', 'Steve Winwood', 'Bill Wyman', 'Charlie Watts']",276085,0.593,0.8640000000000001,0.785,96.361,-7.829,1,7,0.0607,0.00028,0.114,0.032,0,210827,40,1971,8/1/1971,I Ain't *************,Blues,1
87,352,"[""Howlin' Wolf"", 'Eric Clapton', 'Steve Winwood', 'Bill Wyman', 'Charlie Watts']",276085,0.325,0.539,0.389,184.891,-8.315,1,4,0.105,0.014,0.282,0.0369,0,230853,37,1971,8/1/1971,Sitting On Top Of The World,Blues,1
88,353,"[""Howlin' Wolf""]",276085,0.6920000000000001,0.605,0.8420000000000001,82.96600000000001,-10.439,0,2,0.502,0.000637,0.114,0.0869,0,156733,24,1966,1/11/1966,Poor Boy,Blues,0
89,354,"[""Howlin' Wolf""]",276085,0.511,0.416,0.588,114.083,-14.205,1,4,0.264,6.03e-05,0.0817,0.05400000000000001,0,174093,26,1967,1/1/1967,I'm The Wolf,Blues,0
90,355,"[""Howlin' Wolf""]",276085,0.439,0.337,0.7,180.211,-12.681,1,5,0.912,0.00852,0.224,0.0548,0,133907,20,1966,1/11/1966,The Natchez Burnin',Blues,0
91,356,"[""Howlin' Wolf""]",276085,0.37,0.532,0.526,138.102,-12.159,1,0,0.599,0.0,0.154,0.0319,0,155133,20,1966,1/11/1966,My Country Sugar Mama,Blues,0
92,357,"[""Howlin' Wolf""]",276085,0.585,0.638,0.6809999999999999,133.063,-11.192,1,7,0.525,0.0142,0.104,0.0472,0,191640,23,1967,1/1/1967,You Can't Be Beat - Single Version,Blues,0
93,358,"[""Howlin' Wolf""]",276085,0.5760000000000001,0.4429999999999999,0.7559999999999999,111.162,-10.625,1,0,0.094,0.0,0.197,0.0282,0,168107,18,1966,1/11/1966,Tell Me What I've Done,Blues,0
94,359,"[""Howlin' Wolf""]",276085,0.662,0.6,0.8009999999999999,120.448,-9.33,1,2,0.213,8.759999999999999e-05,0.0994,0.0361,0,161160,18,1966,1/11/1966,Ooh Baby (Hold Me),Blues,0
95,360,"[""Howlin' Wolf""]",276085,0.556,0.433,0.5429999999999999,110.964,-11.076,1,2,0.9740000000000001,0.846,0.147,0.0601,0,176760,22,1967,1/1/1967,I've Got A Woman,Blues,0
96,361,"[""Howlin' Wolf""]",276085,0.6709999999999999,0.629,0.8909999999999999,121.036,-12.998,1,2,0.57,0.0011,0.319,0.0445,0,154533,21,1967,1/1/1967,I Have A Little **** - Single Version,Blues,0
97,362,"[""Howlin' Wolf""]",276085,0.684,0.544,0.8220000000000001,90.12200000000001,-10.992,1,9,0.632,0.000449,0.203,0.0296,0,231933,23,1969,11/4/1969,********,Blues,0
98,363,"[""Howlin' Wolf""]",276085,0.685,0.24,0.7829999999999999,138.788,-15.804,0,7,0.92,1.56e-05,0.111,0.0409,0,170867,20,1975,1/1/1975,I Ain't ************* - Single Version,Blues,0
99,364,"[""Howlin' Wolf""]",276085,0.6609999999999999,0.342,0.588,146.118,-16.361,0,9,0.8440000000000001,0.000128,0.26,0.043,0,188400,59,1958,3/1/1958,Smokestack Lightnin',Blues,1
100,396,"[""Jamie O'Neal""]",808003,0.493,0.735,0.626,164.059,-6.012,1,1,0.0771,0.0,0.107,0.0432,0,221425,42,2005,1/1/2005,********** Hero,Country,2
101,397,"[""Jamie O'Neal""]",808003,0.467,0.619,0.346,167.907,-6.046,0,8,0.216,0.0,0.0886,0.0345,0,236107,44,2000,1/1/2000,There Is No Arizona,Country,2
102,398,"[""Jamie O'Neal""]",808003,0.507,0.843,0.504,193.708,-3.421,1,11,0.274,0.0,0.295,0.108,0,182613,40,2000,1/1/2000,When I Think About Angels,Country,2
103,493,"[""Mark O'Connor""]",293391,0.0827,0.0184,0.0691,81.885,-29.09,1,2,0.915,0.27,0.173,0.0479,0,347693,5,1945,1945,Appalachia Waltz,Country,0
104,494,"[""Mark O'Connor""]",293391,0.5589999999999999,0.5820000000000001,0.871,137.033,-13.48,0,4,0.331,0.00113,0.261,0.0415,0,253227,39,1993,9/10/1993,The Devil Comes Back to Georgia,Country,1
105,793,"[""Tim O'Brien""]",593129,0.534,0.502,0.9,172.724,-9.062999999999999,1,7,0.773,0.0,0.122,0.0357,0,216587,44,2005,2005,Long Time Gone,Country,2
106,940,['Wade Bowen'],812239,0.53,0.556,0.424,80.954,-5.083,1,7,0.0957,0.000207,0.102,0.0255,0,400840,40,2006,2/21/2006,Mood Ring,Country,2
107,941,['Wade Bowen'],812239,0.624,0.86,0.631,114.049,-6.101,1,4,0.00556,0.0,0.223,0.032,0,208440,45,2012,5/28/2012,******** *****,Country,2
108,942,['Wade Bowen'],812239,0.37,0.636,0.371,147.707,-6.587000000000001,1,0,0.004370000000000001,0.0,0.08199999999999999,0.0331,0,255145,47,2014,10/28/2014,West Texas Rain,Country,2
109,943,['Wade Bowen'],812239,0.573,0.6809999999999999,0.448,122.45,-4.2,1,9,0.2,0.0,0.941,0.0277,0,275107,53,2003,7/9/2003,Who I Am,Country,2
110,1003,['Dick Curless'],821252,0.7040000000000001,0.615,0.74,110.084,-9.638,1,0,0.79,0.0,0.235,0.0347,0,183027,33,1965,2/2/1965,A Tombstone Every Mile,Country,1
111,1187,['Jack Ingram'],98688,0.5820000000000001,0.9079999999999999,0.5770000000000001,116.986,-5.641,1,7,0.0004059999999999999,0.0012,0.371,0.0481,0,210493,40,2009,1/1/2009,******** And Crazy,Country,2
112,1675,['Sheb Wooley'],11242,0.643,0.617,0.8809999999999999,157.748,-5.006,1,9,0.823,0.0,0.33,0.0801,0,137960,39,1997,1/1/1997,The Purple People Eater,Country,2
113,1823,['Tracy Byrd'],11052,0.759,0.723,0.9620000000000001,136.746,-9.315,1,0,0.173,0.0,0.179,0.028,0,181973,65,1994,1/1/1994,Watermelon Crawl,Country,2
114,1824,['Tracy Byrd'],11052,0.583,0.276,0.0486,78.079,-12.912,1,2,0.47,0.0,0.143,0.0264,0,247627,60,1994,1/1/1994,The Keeper Of The Stars,Country,2
115,1825,['Tracy Byrd'],11052,0.687,0.898,0.9520000000000001,129.542,-3.93,1,2,0.206,0.0,0.284,0.042,0,213973,59,1998,1/1/1998,I'm From The Country - Single Version,Country,2
116,1826,['Tracy Byrd'],11052,0.6809999999999999,0.8640000000000001,0.9309999999999999,127.079,-7.839,1,2,0.00504,0.0,0.212,0.0347,0,182453,62,2001,7/23/2001,Ten Rounds with Jose Cuervo - ****** Mix,Country,2
117,1827,['Tracy Byrd'],11052,0.77,0.833,0.9640000000000001,109.928,-4.536,1,5,0.0793,0.0,0.0819,0.028,0,131867,62,2003,1/1/2003,Drinkin' Bone,Country,2
118,1828,['Tracy Byrd'],11052,0.634,0.685,0.946,131.223,-8.001,1,10,0.283,2.06e-05,0.0809,0.0253,0,208747,46,1996,1/1/1996,Don't Take Her ***** All I Got,Country,2
119,1829,['Tracy Byrd'],11052,0.52,0.481,0.216,78.015,-7.479,1,2,0.314,0.0007570000000000001,0.087,0.0239,0,261453,49,2001,7/23/2001,Keeper Of The Stars - Bonus Track,Country,2
120,501,"[""N'Dea Davenport""]",935117,0.782,0.613,0.634,92.069,-11.451,0,6,0.0985,0.000472,0.084,0.0864,0,243267,42,1993,1/1/1993,When You're Near,Jazz,1
121,525,"[""Paquito D'Rivera""]",14263,0.5529999999999999,0.638,0.4429999999999999,96.09200000000001,-8.383,1,10,0.6579999999999999,0.8390000000000001,0.141,0.031,0,291457,33,1981,1981,C贸mo Fue,Jazz,1
122,871,['Blue Mitchell'],761064,0.635,0.654,0.755,114.137,-8.914,0,0,0.61,0.35,0.103,0.0291,0,338200,29,1968,12/8/1968,Good Humor Man,Jazz,1
123,1184,['Dick Hyman'],211424,0.293,0.133,0.241,99.546,-18.944,1,7,0.545,0.00296,0.298,0.0336,0,172507,33,1988,1/1/1988,"(In Bobo's Restaurant) Canzone Per Loretta / Addio, Mulberry Street",Jazz,1
124,1185,['Dick Hyman'],211424,0.348,0.659,0.386,126.428,-8.235,0,5,0.687,0.9159999999999999,0.128,0.0453,0,139004,7,1960,9/6/1960,Caravan,Jazz,0
125,1186,['Dick Hyman'],211424,0.287,0.127,0.215,85.55799999999999,-18.183,1,9,0.9440000000000001,0.433,0.423,0.0383,0,267640,45,1988,1/1/1988,Musetta's Waltz,Jazz,1
126,1341,"['Fats Navarro', 'Ralph Burns']",792175,0.47,0.711,0.7090000000000001,139.774,-11.233,0,0,0.977,0.9470000000000001,0.5920000000000001,0.19,0,450096,0,1947,10/17/1947,Sweet Georgia *****,Jazz,0
127,1342,"['Fats Navarro', 'Ralph Burns']",792175,0.479,0.436,0.713,91.1,-12.515,1,10,0.985,0.968,0.258,0.165,0,485111,0,1947,10/17/1947,High on an Open Mike,Jazz,0
128,1343,['Fats Navarro'],792175,0.7290000000000001,0.273,0.758,78.745,-10.476,1,7,0.9079999999999999,0.000687,0.0783,0.0772,0,165418,7,1958,1/1/1958,Nostalgia,Jazz,0
129,1344,['Fats Navarro'],792175,0.762,0.44,0.784,122.605,-8.435,1,5,0.8909999999999999,0.682,0.107,0.179,0,171919,5,1958,1/1/1958,**** *****,Jazz,0
130,1345,['Fats Navarro'],792175,0.348,0.467,0.7170000000000001,176.542,-9.094,1,0,0.8109999999999999,0.000321,0.0463,0.0395,0,171123,27,1951,1/1/1951,Lady Bird,Jazz,0
131,1346,['Fats Navarro'],792175,0.427,0.5660000000000001,0.861,77.832,-10.309,1,7,0.823,0.226,0.4429999999999999,0.0911,0,171465,6,1951,1/1/1951,**** Street Theme,Jazz,0
132,1611,['Woody Shaw'],680003,0.478,0.33,0.455,113.902,-13.283,1,5,0.655,0.847,0.177,0.036,0,435573,36,1978,1978,Theme for ******,Jazz,1
133,1659,['Toots Thielemans'],159791,0.622,0.196,0.603,103.962,-17.824,1,0,0.965,0.8590000000000001,0.303,0.0669,0,132145,3,1955,1955,********* For Two,Jazz,0
134,1660,['Toots Thielemans'],159791,0.515,0.198,0.38,70.081,-17.685,0,5,0.937,0.7929999999999999,0.282,0.0912,0,191622,3,1955,1955,Stars Fell On Alabama,Jazz,0
135,1661,['Toots Thielemans'],159791,0.653,0.149,0.149,114.293,-17.14,1,0,0.7879999999999999,0.00104,0.18,0.0914,0,147520,10,1958,1/1/1958,Don't Blame Me,Jazz,0
136,1662,['Toots Thielemans'],159791,0.7170000000000001,0.166,0.726,134.051,-16.762,1,8,0.915,0.613,0.132,0.235,0,121244,4,1955,1955,Skylark,Jazz,0
137,1663,['Toots Thielemans'],159791,0.556,0.299,0.5329999999999999,101.425,-17.08,1,0,0.8740000000000001,0.863,0.0999,0.0571,0,275946,2,1955,1955,Don't Be That Way,Jazz,0
138,1664,['Toots Thielemans'],159791,0.715,0.406,0.65,104.756,-17.926,0,4,0.735,0.649,0.11,0.0573,0,216360,52,1993,1993,Samba de Orfeu,Jazz,2
139,1665,['Toots Thielemans'],159791,0.297,0.357,0.198,96.09100000000001,-12.2,1,5,0.467,0.0961,0.109,0.0289,0,168973,42,1985,1/1/1985,Theme from ********* *******,Jazz,1
140,510,"[""Oscar D'Le贸n"", 'Beny Mor茅']",894831,0.7979999999999999,0.556,0.9179999999999999,95.436,-15.221,1,5,0.524,0.196,0.0817,0.0528,0,310831,35,1985,8/22/1985,El Baile del Suavecito,Latin,1
141,511,"[""Oscar D'Le贸n""]",894831,0.524,0.8590000000000001,0.8390000000000001,170.532,-9.365,0,9,0.402,0.0413,0.34,0.0536,0,323408,38,1990,1/1/1990,Melao De Ca帽a,Latin,1
142,512,"[""Oscar D'Le贸n""]",894831,0.63,0.723,0.9309999999999999,178.207,-6.888,0,10,0.492,0.0,0.0788,0.0523,0,296391,38,1990,1/1/1990,Comuniqu茅monos,Latin,1
143,513,"[""Oscar D'Le贸n""]",894831,0.7440000000000001,0.8290000000000001,0.9390000000000001,93.949,-2.963,0,7,0.595,0.00518,0.254,0.0479,0,330293,35,1990,1/1/1990,Bravo De Verdad,Latin,1
144,514,"[""Oscar D'Le贸n""]",894831,0.5529999999999999,0.64,0.904,74.998,-8.475,1,0,0.599,0.000982,0.0693,0.0403,0,318392,36,1990,1/1/1990,Calculadora,Latin,1
145,515,"[""Oscar D'Le贸n""]",894831,0.8059999999999999,0.727,0.89,95.074,-7.412000000000001,1,5,0.491,0.00396,0.0722,0.0431,0,309359,41,1991,12/31/1991,El Baile Del Suavecito,Latin,1
146,516,"[""Oscar D'Le贸n""]",894831,0.679,0.768,0.888,87.088,-4.94,0,5,0.158,1.86e-05,0.259,0.035,0,273403,35,1990,1/1/1990,Si茅ntate Ah铆,Latin,1
147,517,"[""Oscar D'Le贸n""]",894831,0.742,0.7929999999999999,0.9470000000000001,112.794,-7.143,1,7,0.7859999999999999,0.0265,0.733,0.0464,0,282982,40,1996,2/8/1996,El Manicero,Latin,2
148,518,"[""Oscar D'Le贸n""]",894831,0.7240000000000001,0.77,0.935,176.243,-4.024,1,4,0.184,3.7e-05,0.243,0.0533,0,278872,61,1996,2/9/1996,Detalles,Latin,2
149,519,"[""Oscar D'Le贸n""]",894831,0.816,0.785,0.968,92.811,-5.417000000000001,1,10,0.453,7e-06,0.154,0.0429,0,216422,52,1997,1/1/1997,Que Bueno Baila Usted,Latin,2
150,520,"[""Oscar D'Le贸n""]",894831,0.728,0.735,0.94,176.202,-5.252000000000001,1,4,0.194,1.57e-05,0.262,0.0497,0,278909,44,1986,10/18/1986,Detalles,Latin,1
151,521,"[""Oscar D'Le贸n""]",894831,0.727,0.777,0.963,108.886,-4.979,1,0,0.691,0.000572,0.109,0.0452,0,307281,41,1990,1/1/1990,Ven Morena,Latin,1
152,522,"[""Oscar D'Le贸n""]",894831,0.535,0.7559999999999999,0.894,107.789,-8.214,0,7,0.381,2.39e-06,0.13,0.0359,0,351806,48,1997,1/1/1997,Yo Quisiera,Latin,2
153,523,"[""Oscar D'Le贸n""]",894831,0.7090000000000001,0.7509999999999999,0.9640000000000001,96.09700000000001,-8.378,1,9,0.526,0.000592,0.0443,0.0454,0,221920,42,2002,1/1/2002,Lloraras,Latin,2
154,524,"[""Oscar D'Le贸n""]",894831,0.5660000000000001,0.8390000000000001,0.966,106.828,-4.604,1,5,0.246,7.94e-05,0.249,0.0392,0,298434,39,1990,1/1/1990,Mi Bajo Y Yo (Ese Es Mi Amigo),Latin,1
155,964,"['Gal Costa', 'Antonio Carlos Jobim']",191699,0.476,0.296,0.411,81.081,-16.647,0,4,0.728,0.0,0.9640000000000001,0.0384,0,203227,52,1989,1989,Samba Do Aviao,Latin,2
156,965,"['Gal Costa', 'Antonio Carlos Jobim']",191699,0.452,0.182,0.248,130.993,-21.331,1,0,0.8370000000000001,0.000182,0.973,0.0499,0,188080,52,1989,1989,Corcovado,Latin,1
157,966,"['Gal Costa', 'Antonio Carlos Jobim']",191699,0.487,0.329,0.491,81.902,-14.222,1,7,0.851,0.0301,0.9740000000000001,0.178,0,181453,49,1989,1989,One Note Samba,Latin,1
158,967,"['Gal Costa', 'Caetano Veloso']",191699,0.542,0.111,0.466,85.26,-23.823,0,0,0.747,0.0129,0.0788,0.0611,0,143893,32,1967,1/1/1967,Cora莽茫o *********,Latin,1
159,968,"['Gal Costa', 'Caetano Veloso']",191699,0.5670000000000001,0.161,0.448,161.305,-19.959,0,0,0.851,0.0389,0.114,0.0574,0,143507,35,1994,1/1/1994,Cora莽茫o *********,Latin,1
160,526,"[""Patrick O'Hearn""]",13101,0.5589999999999999,0.23,0.461,151.987,-20.178,0,7,0.805,0.8759999999999999,0.0776,0.0309,0,289280,47,2001,1/1/2001,Beyond This Moment,New Age,2
161,527,"[""Patrick O'Hearn""]",13101,0.0992,0.012,0.0342,89.71700000000001,-29.215,0,3,0.977,0.963,0.0972,0.0407,0,530800,43,2001,1/1/2001,A Lovely Place to Be,New Age,2
162,5705,['Acoustic Alchemy'],585874,0.621,0.7040000000000001,0.91,89.939,-10.276,0,11,0.5539999999999999,0.385,0.0542,0.038,0,364040,33,1991,1/1/1991,Playing For Time,New Age,1
163,5706,['Acoustic Alchemy'],585874,0.659,0.455,0.711,91.304,-14.802,1,7,0.137,0.617,0.279,0.0447,0,188093,24,1987,1/1/1987,Mr. Chow,New Age,1
164,5707,['Acoustic Alchemy'],585874,0.49,0.182,0.433,92.04299999999999,-16.404,1,4,0.982,0.815,0.0977,0.0585,0,179893,23,1988,1/1/1988,Ballad For Kay,New Age,1
165,5769,['Adiemus'],927278,0.335,0.252,0.167,145.035,-16.578,1,9,0.677,0.261,0.161,0.0331,0,476267,43,1995,1995,Kayama,New Age,1
166,6900,['Alex de Grassi'],81836,0.581,0.242,0.309,124.392,-16.68,0,0,0.821,0.632,0.0979,0.0479,0,247827,30,1983,5/1/1983,Western,New Age,1
167,22766,['Cusco'],143490,0.574,0.5710000000000001,0.821,157.111,-11.735,1,2,0.0111,0.831,0.525,0.0332,0,315573,35,1994,1994,Montezuma,New Age,1
168,24214,['David Lanz'],185440,0.605,0.229,0.0634,127.295,-16.3,1,5,0.9359999999999999,0.86,0.1,0.034,0,258000,32,1985,1/1/1985,Rain Forest,New Age,1
169,24215,['David Lanz'],185440,0.341,0.0667,0.0808,117.294,-23.261,1,2,0.983,0.917,0.0642,0.0485,0,565987,35,1991,1/1/1991,Variations On A Theme From Pachelbel's Canon In D Major,New Age,1
170,24216,['David Lanz'],185440,0.467,0.09,0.138,92.28399999999999,-20.992,1,9,0.9740000000000001,0.9159999999999999,0.0573,0.0652,0,200827,33,1991,1/1/1991,Return To The Heart,New Age,1
171,24217,['David Lanz'],185440,0.418,0.299,0.0791,120.505,-12.185,1,10,0.6559999999999999,0.9209999999999999,0.573,0.0318,0,377067,28,1988,1988,Wings To Altair - Remastered,New Age,1
172,24218,['David Lanz'],185440,0.317,0.343,0.102,167.577,-11.292,1,5,0.9329999999999999,0.718,0.0991,0.0386,0,368827,40,1988,1988,Cristofori's Dream - Remastered,New Age,1
173,24219,['David Lanz'],185440,0.6,0.102,0.202,142.838,-18.369,1,8,0.8759999999999999,0.899,0.11,0.0395,0,211667,38,1985,1/1/1985,Behind The Waterfall,New Age,1
174,25612,['Deva Premal'],818576,0.29,0.261,0.173,125.725,-13.302,1,9,0.765,6.45e-05,0.145,0.0311,0,432000,53,2002,4/1/2002,Om Namo Bhagavate,New Age,2
175,25613,['Deva Premal'],818576,0.424,0.448,0.238,81.979,-12.682,0,9,0.856,1.87e-05,0.112,0.0752,0,589267,59,1998,3/1/1998,******* Mantra,New Age,2
176,31215,['Enya'],988471,0.442,0.0295,0.0634,107.09,-25.906,1,6,0.888,0.872,0.0723,0.0338,0,197667,30,1987,1987,March of the Celts,New Age,1
177,31216,['Enya'],988471,0.2,0.104,0.115,102.487,-21.61,1,3,0.94,0.7979999999999999,0.118,0.0342,0,265267,30,1987,1987,Triad: St.Patrick / C煤 Chulainn / Oisin,New Age,1
178,31217,['Enya'],988471,0.481,0.162,0.659,176.044,-23.685,0,7,0.447,0.9520000000000001,0.109,0.069,0,84907,30,1987,1987,Bard Dance,New Age,1
179,31218,['Enya'],988471,0.665,0.335,0.693,98.73899999999999,-19.426,0,2,0.9540000000000001,0.873,0.101,0.0532,0,97307,30,1987,1987,Epona,New Age,1
180,535,"[""Ramblin' Jack Elliott""]",391398,0.449,0.218,0.4320000000000001,105.44,-15.033,1,10,0.78,0.617,0.11,0.0323,0,443533,20,1968,1968,*** Greens,Folk,0
181,536,"[""Ramblin' Jack Elliott""]",391398,0.495,0.425,0.494,117.907,-10.94,1,3,0.925,0.0314,0.11,0.0486,0,240400,18,1968,1968,Talking *********,Folk,0
182,537,"[""Ramblin' Jack Elliott""]",391398,0.482,0.299,0.152,108.101,-12.266,1,7,0.601,0.336,0.106,0.0295,0,304693,42,1968,1968,If I Were A Carpenter,Folk,1
183,538,"[""Ramblin' Jack Elliott""]",391398,0.501,0.311,0.5579999999999999,98.23200000000001,-15.861,1,11,0.932,0.0884,0.115,0.0323,0,231800,37,1968,1968,"Don't Think Twice, It's All Right - Album Verison",Folk,1
184,681,"[""The Lovin' Spoonful""]",52900,0.504,0.726,0.843,181.545,-8.259,1,0,0.366,3.61e-06,0.112,0.0307,0,154467,21,1965,Nov-65,Wild About My Lovin',Folk,0
185,682,"[""The Lovin' Spoonful""]",52900,0.6409999999999999,0.519,0.907,100.58,-11.375,1,0,0.489,3.76e-06,0.156,0.0301,0,166493,22,1966,Mar-66,It's Not Time Now,Folk,0
186,683,"[""The Lovin' Spoonful""]",52900,0.542,0.16,0.382,81.376,-17.728,1,0,0.91,0.784,0.108,0.035,0,159760,24,1967,Sep-67,Younger Generation - **** Remaster,Folk,0
187,684,"[""The Lovin' Spoonful""]",52900,0.601,0.841,0.963,96.212,-7.322,1,2,0.15,0.00013,0.0508,0.034,0,119307,24,1965,Nov-65,Fishin' *****,Folk,0
188,685,"[""The Lovin' Spoonful""]",52900,0.675,0.7909999999999999,0.885,97.792,-5.327000000000001,1,1,0.0874,0.0,0.298,0.0428,0,155160,20,1965,Nov-65,My ****,Folk,0
189,686,"[""The Lovin' Spoonful""]",52900,0.5920000000000001,0.483,0.7190000000000001,126.499,-11.348,1,7,0.351,0.0,0.201,0.0475,0,161227,22,1967,Sep-67,Six O'Clock - **** Remaster,Folk,0
190,687,"[""The Lovin' Spoonful""]",52900,0.455,0.565,0.5589999999999999,61.639,-7.71,1,5,0.303,0.0,0.196,0.0318,0,173867,19,1965,Nov-65,You Baby,Folk,0
191,688,"[""The Lovin' Spoonful""]",52900,0.489,0.721,0.882,99.361,-8.468,1,9,0.397,0.0,0.409,0.0331,0,115107,19,1966,Mar-66,There *** Is,Folk,0
192,689,"[""The Lovin' Spoonful""]",52900,0.299,0.453,0.39,122.09,-11.035,1,5,0.281,0.0,0.312,0.0404,0,179333,21,1967,Sep-67,*** Is Still A Mystery - **** Remaster,Folk,0
193,690,"[""The Lovin' Spoonful""]",52900,0.5,0.585,0.7090000000000001,135.051,-9.213,1,7,0.468,0.000166,0.142,0.03700000000000001,0,171680,24,1969,1969,Never Going Back,Folk,0
194,691,"[""The Lovin' Spoonful""]",52900,0.4379999999999999,0.63,0.5579999999999999,98.42299999999999,-9.833,1,2,0.201,0.804,0.29,0.0309,0,180800,18,1965,Nov-65,***** Owl *****,Folk,0
195,692,"[""The Lovin' Spoonful""]",52900,0.424,0.6659999999999999,0.544,111.065,-9.986,1,10,0.0568,0.000131,0.111,0.0403,0,161107,13,1965,1965,Summer in the City - Remastered,Folk,0
196,693,"[""The Lovin' Spoonful""]",52900,0.42,0.606,0.8590000000000001,140.261,-7.808,1,4,0.383,0.0,0.309,0.0597,0,110000,17,1965,Nov-65,On The Road *****,Folk,0
197,694,"[""The Lovin' Spoonful""]",52900,0.507,0.794,0.682,144.939,-7.077999999999999,1,7,0.24,0.0,0.0679,0.0633,0,148240,17,1965,Nov-65,The Other Side Of This Life,Folk,0
198,695,"[""The Lovin' Spoonful""]",52900,0.522,0.675,0.7040000000000001,130.241,-7.445,1,10,0.47,0.00569,0.41,0.0328,0,167667,22,1969,1969,The Prophet,Folk,0
199,696,"[""The Lovin' Spoonful""]",52900,0.6990000000000001,0.507,0.5870000000000001,129.088,-11.726,0,4,0.426,0.000161,0.114,0.0543,0,147133,19,1966,Nov-66,Voodoo In My ******** - **** Remaster,Folk,0
200,625,"[""Stereo MC's""]",23202,0.7120000000000001,0.787,0.8640000000000001,117.839,-13.26,1,9,0.0149,0.0274,0.0788,0.0475,0,301440,33,1992,1/1/1992,Step It Up,Electronic,1
201,626,"[""Stereo MC's""]",23202,0.647,0.7979999999999999,0.706,100.631,-12.144,0,1,0.0498,0.00221,0.0722,0.0365,0,314133,52,1992,1/1/1992,Connected,Electronic,2
202,627,"[""Stereo MC's""]",23202,0.845,0.591,0.765,115.139,-14.87,1,9,0.137,0.65,0.129,0.0627,0,196827,37,1990,1/1/1990,Elevate My Mind,Electronic,1
203,1631,['Blue States'],56193,0.706,0.52,0.354,108.994,-7.496,0,8,0.5660000000000001,0.857,0.158,0.029,0,304333,44,2000,9/3/2000,Your ****,Electronic,2
204,1650,['Girl Talk'],660155,0.7929999999999999,0.693,0.726,165.073,-7.589,0,11,0.0772,1.24e-06,0.0754,0.394,1,186720,43,2008,9/23/2008,Shut The **** Down,Electronic,2
205,1651,['Girl Talk'],660155,0.7859999999999999,0.6990000000000001,0.525,90.035,-8.402999999999999,0,11,0.0899,0.0,0.379,0.293,1,237099,44,2008,9/23/2008,Still Here,Electronic,2
206,1652,['Girl Talk'],660155,0.845,0.764,0.596,105.008,-7.247000000000001,1,1,0.0883,2.8e-05,0.309,0.156,1,192184,43,2008,9/23/2008,No Pause,Electronic,2
207,1653,['Girl Talk'],660155,0.5920000000000001,0.7859999999999999,0.4379999999999999,102.52,-7.132000000000001,1,1,0.0426,2.12e-05,0.334,0.228,1,221840,42,2008,9/23/2008,Set It ***,Electronic,2
208,1654,['Girl Talk'],660155,0.826,0.782,0.6679999999999999,127.477,-8.502,0,6,0.0155,0.0132,0.313,0.0416,1,260288,41,2008,9/23/2008,***** In The Air,Electronic,2
209,1655,['Girl Talk'],660155,0.7140000000000001,0.7090000000000001,0.764,90.109,-7.086,0,11,0.0651,0.0,0.743,0.281,1,254705,41,2008,9/23/2008,What It's All About,Electronic,2
210,1656,['Girl Talk'],660155,0.789,0.863,0.8170000000000001,105.037,-8.197000000000001,0,6,0.0078,0.00325,0.0373,0.0955,1,201097,40,2008,9/23/2008,Like This,Electronic,2
211,1657,['Girl Talk'],660155,0.7909999999999999,0.675,0.698,149.98,-7.447,0,5,0.0226,0.0,0.235,0.233,1,284799,47,2008,9/23/2008,Play Your Part (Pt. **,Electronic,2
212,1676,['Junkie XL'],306851,0.447,0.7879999999999999,0.505,80.04,-4.994,0,2,0.00257,1.68e-05,0.0744,0.0464,0,193714,64,2017,9/8/2017,Come Together,Electronic,2
213,1816,['Petit Biscuit'],3413218,0.755,0.614,0.148,124.02,-9.481,1,2,0.542,0.008790000000000001,0.0937,0.0548,0,238067,71,2020,5/20/2020,I Leave *****,Electronic,2
214,1817,['Petit Biscuit'],3413218,0.802,0.371,0.263,113.951,-9.087,0,6,0.5710000000000001,3.82e-06,0.108,0.131,0,219933,62,2017,11/10/2017,Problems,Electronic,2
215,1818,['Petit Biscuit'],3413218,0.772,0.745,0.166,116.014,-10.194,1,11,0.595,0.87,0.117,0.0405,0,273162,58,2015,5/18/2015,Alone,Electronic,2
216,1819,['Petit Biscuit'],3413218,0.7829999999999999,0.467,0.236,90.838,-9.474,1,6,0.7290000000000001,0.809,0.109,0.0503,0,237793,77,2015,2015,Sunset Lover,Electronic,2
217,1820,['Petit Biscuit'],3413218,0.785,0.525,0.251,90.853,-7.556,1,6,0.669,0.439,0.114,0.042,0,238907,73,2017,11/10/2017,Sunset Lover,Electronic,2
218,1821,['Petit Biscuit'],3413218,0.57,0.339,0.487,162.387,-13.549,0,9,0.9490000000000001,0.924,0.0968,0.0645,0,231131,64,2015,2015,You,Electronic,2
219,2096,['Mother Earth'],600386,0.311,0.5820000000000001,0.578,184.679,-10.894,0,7,0.126,0.00542,0.12,0.0651,0,265760,39,1993,1/1/1993,Apple Green,Electronic,1
220,796,"[""Youssou N'Dour"", 'Neneh Cherry']",692100,0.68,0.7020000000000001,0.509,154.198,-9.621,0,1,0.0838,1.79e-06,0.326,0.0267,0,305773,60,2004,2004,7 Seconds (feat. Neneh Cherry),International,2
221,1066,['Dick Gaughan'],253397,0.474,0.48,0.411,113.117,-11.715,1,8,0.483,1.43e-06,0.0641,0.0398,0,186973,27,1981,1/1/1981,Workers' Song,International,1
222,1067,['Dick Gaughan'],253397,0.51,0.221,0.195,128.126,-16.965,1,4,0.79,0.0,0.0991,0.0337,0,282160,23,1981,1/1/1981,Now Westlin Winds,International,1
223,1068,['Dick Gaughan'],253397,0.3779999999999999,0.453,0.6829999999999999,77.714,-10.771,1,3,0.7070000000000001,0.0,0.109,0.0384,0,171893,19,1981,1/1/1981,The World Turned Upside Down,International,1
224,4328,"['Clannad', 'Bono']",781732,0.462,0.519,0.304,133.54,-9.957,0,2,0.429,3.47e-05,0.0865,0.0302,0,187987,49,1985,1985,In a Lifetime - Remastered,International,1
225,4333,['Clannad'],781732,0.43,0.136,0.341,135.483,-15.605,0,9,0.935,1.13e-06,0.0851,0.0415,0,349960,35,1976,1976,"Si煤il, a R煤n (Irish Love Song)",International,1
226,4334,['Clannad'],781732,0.26,0.00658,0.167,119.475,-28.937,1,0,0.97,0.684,0.0723,0.0449,0,201467,26,1989,7/20/1989,Lady ******,International,1
227,4335,['Clannad'],781732,0.257,0.284,0.141,180.28,-18.761,1,9,0.9009999999999999,0.03700000000000001,0.0981,0.0332,0,315933,39,1993,2/12/1993,"I Will Find You (Theme from ""The Last of the Mohicans"") - Remastered",International,1
228,4336,['Clannad'],781732,0.374,0.243,0.155,152.505,-13.768,0,11,0.7879999999999999,0.0354,0.108,0.0287,0,360773,36,1983,1983,Coinleach Glas An Fh贸mhair - Remastered,International,1
229,4337,['Clannad'],781732,0.24,0.141,0.333,70.431,-22.397,1,2,0.488,0.753,0.0913,0.0356,0,168600,20,1984,1984,Robin (The Hooded Man),International,1
230,4338,['Clannad'],781732,0.205,0.255,0.0377,68.685,-13.78,1,11,0.9520000000000001,0.0192,0.115,0.0341,0,149027,55,1983,1983,Theme from Harry's Game - Remastered,International,1
231,4339,['Clannad'],781732,0.116,0.0867,0.0368,180.33,-30.555,1,9,0.7979999999999999,0.8759999999999999,0.109,0.0371,0,110960,40,1992,1/1/1992,I Will Find You,International,1
232,4340,['Clannad'],781732,0.19,0.0715,0.0379,131.56,-24.049,0,1,0.948,0.00447,0.105,0.0372,0,148133,27,1983,1983,Theme from Harry's Game,International,1
233,4668,['Kinky'],96701,0.768,0.821,0.7559999999999999,131.979,-4.026,0,9,0.00108,0.0248,0.166,0.0294,0,257520,40,2006,2006,A D贸nde Van Los Muertos?,International,2
234,4669,['Kinky'],96701,0.83,0.838,0.8290000000000001,104.418,-6.77,1,6,0.0805,0.517,0.073,0.0776,0,191000,57,2002,3/26/2002,Soun Tha Mi Primer Amor - Remastered,International,2
235,5310,"['A.R. Rahman', 'The Pussycat Dolls', 'Nicole Scherzinger']",577701,0.657,0.941,0.879,136.202,-3.919,0,8,0.0476,0.0,0.0797,0.061,0,222400,64,2009,1/1/2009,Jai Ho! (You Are My Destiny),International,2
236,5311,['A.R. Rahman'],577701,0.7440000000000001,0.7,0.866,144.043,-7.662999999999999,1,2,0.278,0.000155,0.068,0.0376,0,309640,58,2006,9/11/2006,Tere Bina,International,2
237,5312,['A.R. Rahman'],577701,0.64,0.295,0.107,121.903,-16.357,1,5,0.425,2.05e-06,0.0804,0.0397,0,320013,53,1994,3/12/1994,Yeh Haseen Vadiyan Yeh Khula Aasman,International,2
238,5313,['A.R. Rahman'],577701,0.675,0.5820000000000001,0.5379999999999999,120.991,-8.891,1,9,0.6609999999999999,5.56e-06,0.0854,0.0277,0,282973,55,2005,12/4/2005,Roobaroo,International,2
239,5314,['A.R. Rahman'],577701,0.362,0.3779999999999999,0.575,87.54899999999999,-11.008,1,1,0.679,0.0,0.091,0.0329,0,470500,62,2011,10/1/2011,Kun Faya Kun,International,2
240,830,['Toots & the Maytals'],790988,0.8109999999999999,0.258,0.519,78.98,-14.913,1,0,0.8,0.000206,0.459,0.259,0,206173,41,1993,1993,5446 Was My Number,Reggae,1
241,831,['Toots & the Maytals'],790988,0.453,0.375,0.541,85.786,-14.025,1,1,0.6759999999999999,0.0011,0.461,0.0451,0,195093,33,1973,3/1/1973,Love's Gonna Walk Out On Me,Reggae,1
242,832,['Toots & the Maytals'],790988,0.879,0.448,0.9790000000000001,102.324,-11.958,1,5,0.193,2.78e-05,0.0699,0.0402,0,145640,32,1973,3/1/1973,Fever,Reggae,1
243,833,['Toots & the Maytals'],790988,0.625,0.397,0.674,76.119,-11.522,0,5,0.458,5.710000000000001e-05,0.0724,0.0541,0,195867,31,1973,3/1/1973,I See You,Reggae,1
244,834,['Toots & the Maytals'],790988,0.6990000000000001,0.381,0.466,158.622,-9.184,1,7,0.759,1.13e-05,0.0661,0.272,0,191360,40,2001,1/1/2001,54-46 (Was My Number),Reggae,2
245,835,['Toots & the Maytals'],790988,0.787,0.472,0.96,180.736,-13.192,1,10,0.328,0.000356,0.0525,0.0759,0,244000,32,1984,7/7/1984,Spiritual Healing,Reggae,1
246,836,['Toots & the Maytals'],790988,0.64,0.618,0.96,156.894,-12.085,1,3,0.6809999999999999,1.35e-05,0.265,0.14,0,179240,37,1993,1993,Sweet And Dandy,Reggae,1
247,837,['Toots & the Maytals'],790988,0.7609999999999999,0.738,0.799,89.15100000000001,-9.222000000000001,1,7,0.253,0.166,0.0663,0.111,0,345960,38,2002,1/1/2002,Louie Louie,Reggae,2
248,838,['Toots & the Maytals'],790988,0.614,0.422,0.94,175.019,-12.713,1,8,0.52,0.00117,0.0616,0.136,0,202733,33,1973,3/1/1973,"Take Me Home, Country Roads",Reggae,1
249,839,['Toots & the Maytals'],790988,0.6709999999999999,0.303,0.778,84.568,-19.035,1,8,0.16,3.78e-05,0.0695,0.0504,0,292600,28,1980,1980,Just Like That,Reggae,1
250,840,['Toots & the Maytals'],790988,0.857,0.552,0.8690000000000001,93.8,-12.356,1,2,0.228,0.0214,0.0733,0.0403,0,268773,29,1981,1/1/1981,I Know We Can Make It,Reggae,1
251,841,['Toots & the Maytals'],790988,0.862,0.274,0.878,97.762,-13.931,1,5,0.489,0.00244,0.0682,0.0593,0,272667,30,1984,7/7/1984,Peace Perfect Peace,Reggae,1
252,842,['Toots & the Maytals'],790988,0.629,0.713,0.982,146.265,-4.641999999999999,1,8,0.624,0.0,0.059,0.03700000000000001,0,176213,51,2013,3/15/2013,Pressure Drop,Reggae,2
253,843,['Toots & the Maytals'],790988,0.6729999999999999,0.463,0.721,101.453,-9.529,1,2,0.588,9.83e-05,0.154,0.0718,0,196533,27,1973,3/1/1973,Take A Look In The Mirror,Reggae,1
254,844,['Toots & the Maytals'],790988,0.8959999999999999,0.433,0.884,92.56200000000001,-11.753,1,0,0.148,0.0,0.14,0.104,0,263227,27,1973,3/1/1973,Time Tough,Reggae,1
255,845,['Toots & the Maytals'],790988,0.8759999999999999,0.544,0.9670000000000001,127.456,-13.896,1,10,0.7659999999999999,0.62,0.08199999999999999,0.0476,0,224600,41,1993,1993,Monkey Man,Reggae,1
256,846,['Toots & the Maytals'],790988,0.828,0.414,0.912,84.59,-12.247,1,0,0.89,0.629,0.339,0.087,0,186267,26,1973,3/1/1973,Got To Be There,Reggae,1
257,847,['Toots & the Maytals'],790988,0.888,0.306,0.602,79.885,-12.753,1,0,0.213,0.0,0.0535,0.0728,0,174000,29,1984,7/7/1984,54-46 (That's My Number),Reggae,1
258,848,['Toots & the Maytals'],790988,0.87,0.502,0.9009999999999999,89.531,-12.334,1,3,0.695,0.0639,0.104,0.0557,0,168267,26,1973,3/1/1973,In The Dark,Reggae,1
259,849,['Toots & the Maytals'],790988,0.6579999999999999,0.5710000000000001,0.985,148.964,-11.972,1,8,0.106,0.0,0.0286,0.0432,0,174960,51,1984,1/1/1984,Pressure Drop,Reggae,1
260,1298,['Jack Kerouac'],120487,0.556,0.137,0.4320000000000001,144.175,-24.019,0,0,0.922,4.23e-06,0.185,0.369,0,96373,15,1959,1959,The Moon Her Majesty (with Steve Allen),Comedy/Spoken,0
261,1299,['Jack Kerouac'],120487,0.667,0.152,0.557,107.969,-22.002,1,5,0.971,0.0,0.117,0.5,0,370707,14,1959,1959,I Had a Slouch Hat Too One Time (with Steve Allen),Comedy/Spoken,0
262,1300,['Jack Kerouac'],120487,0.473,0.0629,0.528,82.82799999999999,-26.743,0,2,0.9690000000000001,5.39e-05,0.099,0.423,0,47400,14,1959,1959,One ****** (with Steve Allen),Comedy/Spoken,0
263,1301,['Jack Kerouac'],120487,0.565,0.0743,0.326,87.31299999999999,-24.968,1,1,0.9590000000000001,1.39e-05,0.191,0.311,0,112733,13,1959,1959,The Wheel of the Quivering Meat Conception (with Steve Allen),Comedy/Spoken,0
264,1302,['Jack Kerouac'],120487,0.6940000000000001,0.269,0.8220000000000001,140.37,-17.95,0,2,0.961,0.00256,0.172,0.103,0,37240,14,1959,1959,I'd Rather Be Thin Than Famous (with Steve Allen),Comedy/Spoken,0
265,1303,['Jack Kerouac'],120487,0.659,0.15,0.545,116.148,-21.753,0,9,0.972,8.34e-06,0.152,0.479,0,203440,14,1959,1959,Mcdougal Street ***** (with Steve Allen),Comedy/Spoken,0
266,1304,['Jack Kerouac'],120487,0.59,0.0597,0.551,61.03899999999999,-22.86,1,1,0.965,0.0,0.0896,0.267,0,75667,13,1959,1959,Abraham (with Steve Allen),Comedy/Spoken,0
267,1305,['Jack Kerouac'],120487,0.754,0.303,0.66,118.15,-14.455,1,0,0.9570000000000001,0.000607,0.266,0.152,0,30040,13,1959,1959,Dave Brubeck (with Steve Allen),Comedy/Spoken,0
268,1306,['Jack Kerouac'],120487,0.615,0.0121,0.246,110.75,-28.04,1,5,0.9420000000000001,0.0,0.0853,0.206,0,133960,9,1959,1959,Hard Hearted Old Farmer,Comedy/Spoken,0
269,1307,['Jack Kerouac'],120487,0.6859999999999999,0.033,0.0976,94.376,-23.591,1,5,0.983,8.25e-06,0.147,0.07,0,229227,10,1959,1959,The Last Hotel & **** of Dharma,Comedy/Spoken,0
270,1308,['Jack Kerouac'],120487,0.7140000000000001,0.133,0.427,126.071,-15.762,1,0,0.905,0.0,0.206,0.5539999999999999,0,849000,9,1959,1959,"Poems from the *********** ""Book of ******",Comedy/Spoken,0
271,1309,['Jack Kerouac'],120487,0.657,0.0698,0.414,109.84,-23.183,1,1,0.889,0.0,0.518,0.535,0,605040,8,1959,1959,Conclusion of the Railroad Earth,Comedy/Spoken,0
272,1310,['Jack Kerouac'],120487,0.555,0.0539,0.3,79.426,-24.601,0,7,0.956,0.0,0.193,0.322,0,399107,8,1959,1959,Old Western Movies,Comedy/Spoken,0
273,1311,['Jack Kerouac'],120487,0.568,0.225,0.584,70.672,-17.924,1,1,0.982,3.21e-05,0.15,0.527,0,427800,32,1959,1959,October in the Railroad Earth (with Steve Allen),Comedy/Spoken,0
274,1312,['Jack Kerouac'],120487,0.654,0.195,0.462,123.487,-18.748,1,5,0.99,0.0023,0.109,0.257,0,223267,20,1959,1959,Charlie Parker (with Steve Allen),Comedy/Spoken,0
275,1313,['Jack Kerouac'],120487,0.6890000000000001,0.247,0.501,65.194,-17.59,1,1,0.975,1.54e-06,0.124,0.8740000000000001,0,197440,19,1959,1959,Sounds of the Universe Coming in My Window (with Steve Allen),Comedy/Spoken,0
276,1314,['Jack Kerouac'],120487,0.687,0.194,0.377,128.173,-17.901,1,5,0.99,2.91e-05,0.115,0.403,0,64373,17,1959,1959,Deadbelly (with Steve Allen),Comedy/Spoken,0
277,1315,['Jack Kerouac'],120487,0.684,0.217,0.5329999999999999,78.715,-16.702,1,6,0.983,7.97e-06,0.123,0.517,0,103107,16,1959,1959,Goofing at the Table (with Steve Allen),Comedy/Spoken,0
278,1316,['Jack Kerouac'],120487,0.6609999999999999,0.0444,0.213,133.552,-18.359,1,10,0.899,0.000433,0.14,0.214,0,599707,15,1959,1959,American Haikus,Comedy/Spoken,0
279,1317,['Jack Kerouac'],120487,0.597,0.151,0.424,83.949,-20.435,0,5,0.958,0.0,0.155,0.568,0,232773,15,1959,1959,Bowery ***** (with Steve Allen),Comedy/Spoken,0
280,4356,['Moondog'],496525,0.542,0.3779999999999999,0.609,93.619,-18.753,1,6,0.507,0.762,0.109,0.0567,0,110200,12,1956,1956,Big Cat,Avant-Garde,0
281,4357,['Moondog'],496525,0.657,0.373,0.975,55.808,-18.445,1,0,0.41,1.23e-06,0.802,0.351,0,50773,11,1956,1956,Dance Rehearsal,Avant-Garde,0
282,4358,['Moondog'],496525,0.653,0.988,0.284,104.68,-17.74,1,8,0.0677,2.39e-05,0.18,0.0786,0,76667,10,1956,1956,Tap Dance,Avant-Garde,0
283,4359,['Moondog'],496525,0.4370000000000001,0.499,0.643,94.084,-13.2,1,2,0.765,0.848,0.13,0.0335,0,136560,31,1969,1/1/1969,Stamping Ground - ************,Avant-Garde,1
284,4360,['Moondog'],496525,0.446,0.525,0.193,172.733,-18.86,1,6,0.0996,0.0652,0.278,0.485,0,217667,9,1956,1956,Street Scene,Avant-Garde,0
285,4361,['Moondog'],496525,0.539,0.562,0.825,102.234,-14.867,1,7,0.9640000000000001,0.825,0.13,0.0459,0,179720,29,1969,1/1/1969,Theme - ************,Avant-Garde,1
286,4362,['Moondog'],496525,0.512,0.624,0.581,102.791,-20.64,0,6,0.474,0.9079999999999999,0.0977,0.0684,0,137707,9,1956,1956,**** Suite,Avant-Garde,0
287,4363,['Moondog'],496525,0.586,0.395,0.8690000000000001,103.749,-13.545,0,4,0.885,0.938,0.0876,0.0553,0,169947,24,1969,1/1/1969,Symphonique #6 (Good For Goodie) - ************,Avant-Garde,0
288,4364,['Moondog'],496525,0.292,0.418,0.182,103.624,-14.295,1,0,0.452,0.17,0.144,0.0352,0,393853,23,1969,1/1/1969,Witch of Endor - ************,Avant-Garde,0
289,4365,['Moondog'],496525,0.373,0.31,0.207,109.021,-15.666,1,10,0.857,0.337,0.104,0.0555,0,359960,23,1969,1/1/1969,Minisym ** - ************,Avant-Garde,0
290,4366,['Moondog'],496525,0.862,0.7859999999999999,0.971,101.475,-16.177,0,9,0.0762,0.102,0.0784,0.0327,0,90760,22,1956,1956,Caribea,Avant-Garde,0
291,4367,['Moondog'],496525,0.608,0.09699999999999999,0.471,119.808,-22.651,1,2,0.99,0.904,0.117,0.0759,0,103000,21,1956,1956,To A Sea Horse,Avant-Garde,0
292,4368,['Moondog'],496525,0.74,0.393,0.96,101.613,-21.38,0,5,0.77,0.326,0.0974,0.0554,0,49667,18,1956,1956,Trees ******* The Sky,Avant-Garde,0
293,4369,['Moondog'],496525,0.6990000000000001,0.799,0.86,115.234,-14.407,0,11,0.057,0.00125,0.0203,0.0551,0,123373,17,1956,1956,"Death, When You Come To Me",Avant-Garde,0
294,4370,['Moondog'],496525,0.377,0.562,0.56,80.878,-13.396,0,7,0.879,0.11,0.6679999999999999,0.335,0,135133,18,1956,1956,Tree Trail,Avant-Garde,0
295,4371,['Moondog'],496525,0.594,0.291,0.0979,63.38399999999999,-11.158,1,2,0.763,0.879,0.106,0.0429,0,123893,51,1997,11/28/1997,Bird's Lament,Avant-Garde,2
296,4372,['Moondog'],496525,0.306,0.9209999999999999,0.613,84.051,-10.498,1,5,0.693,0.623,0.152,0.502,0,415533,16,1956,1956,Surf Session,Avant-Garde,0
297,4373,['Moondog'],496525,0.634,0.528,0.7140000000000001,121.548,-13.753,1,7,0.767,0.9329999999999999,0.0935,0.0397,0,106667,37,1969,1/1/1969,"Lament I, ""Bird's Lament"" - ************",Avant-Garde,1
298,4374,['Moondog'],496525,0.633,0.637,0.893,178.743,-14.892,1,8,0.317,0.12,0.377,0.0883,0,133640,13,1956,1956,Lullaby,Avant-Garde,0
299,4375,['Moondog'],496525,0.356,0.623,0.963,180.378,-13.764,0,9,0.705,0.00163,0.186,0.289,0,129200,12,1956,1956,Frog Bog,Avant-Garde,0
300,6680,['Alan Silvestri'],931869,0.169,0.163,0.0383,74.185,-16.613,1,5,0.9690000000000001,0.774,0.24,0.04099999999999999,0,237027,39,1998,10/6/1998,Practical Magic,Stage & Screen,1
301,6681,['Alan Silvestri'],931869,0.224,0.4,0.33,94.67200000000001,-10.157,1,5,0.831,0.754,0.123,0.0306,0,66227,50,2011,1/1/2011,Captain America,Stage & Screen,2
302,6682,['Alan Silvestri'],931869,0.0695,0.0861,0.0368,71.15899999999999,-19.536,1,3,0.909,0.9329999999999999,0.111,0.043,0,163360,41,1992,11/17/1992,Theme From The Bodyguard,Stage & Screen,1
303,6683,['Alan Silvestri'],931869,0.256,0.0258,0.325,82.711,-28.607,1,7,0.987,0.972,0.116,0.0391,0,57133,40,1994,8/2/1994,You're No Different,Stage & Screen,1
304,6684,['Alan Silvestri'],931869,0.402,0.046,0.0967,104.425,-22.779,1,5,0.9790000000000001,0.513,0.0771,0.033,0,159667,62,1994,8/2/1994,I'm Forrest... Forrest Gump,Stage & Screen,2
305,6685,['Alan Silvestri'],931869,0.25,0.5529999999999999,0.226,118.985,-8.187999999999999,1,7,0.606,0.6729999999999999,0.145,0.0429,0,123360,66,2012,1/1/2012,The Avengers,Stage & Screen,2
306,6686,['Alan Silvestri'],931869,0.111,0.103,0.0448,84.52,-18.36,1,5,0.893,0.816,0.164,0.0356,0,394240,53,1994,8/2/1994,Suite from Forrest Gump,Stage & Screen,2
307,6687,['Alan Silvestri'],931869,0.191,0.391,0.0996,99.40299999999999,-12.976,1,8,0.769,0.9009999999999999,0.17,0.0367,0,210960,54,1999,9/20/1999,"Back To The Future: Back To The Future - From ""Back To The Future""",Stage & Screen,2
308,7819,"['Andrew Lloyd Webber', 'Betty Buckley']",3595,0.224,0.101,0.0501,75.218,-13.041,1,5,0.927,0.0027,0.0975,0.0375,0,262187,30,1983,1/1/1983,Grizabella: The Glamour Cat / Memory - Medley,Stage & Screen,1
309,7820,"['Andrew Lloyd Webber', 'Betty Buckley']",3595,0.254,0.231,0.0735,81.509,-9.668,1,3,0.9059999999999999,0.0084,0.114,0.0302,0,320573,46,1983,1/1/1983,Memory,Stage & Screen,1
310,7821,"['Andrew Lloyd Webber', 'Betty Buckley']",3595,0.291,0.179,0.092,76.339,-11.227,1,0,0.8809999999999999,0.000679,0.213,0.0323,0,185613,35,1983,1/1/1983,Grizabella: The Glamour Cat,Stage & Screen,1
311,7822,"['Andrew Lloyd Webber', 'Donny Osmond']",3595,0.431,0.334,0.475,144.886,-17.344,1,2,0.631,0.0,0.0741,0.19,0,328400,35,1992,1/1/1992,"Go, Go, Go Joseph",Stage & Screen,1
312,7823,"['Andrew Lloyd Webber', 'Donny Osmond']",3595,0.596,0.301,0.351,148.176,-17.191,1,10,0.634,0.0,0.0924,0.0806,0,175773,34,1992,1/1/1992,Joseph's Dreams,Stage & Screen,1
313,7824,"['Andrew Lloyd Webber', 'Donny Osmond']",3595,0.515,0.245,0.295,129.764,-20.462,1,4,0.624,0.0,0.128,0.239,0,287373,33,1992,1/1/1992,********,Stage & Screen,1
314,7825,"['Andrew Lloyd Webber', 'Donny Osmond']",3595,0.26,0.128,0.226,121.142,-18.54,1,9,0.779,3.14e-06,0.0637,0.04,0,212827,33,1992,1/1/1992,Finale: Any Dream Will Do / Give Me My Colored Coat,Stage & Screen,1
315,7826,"['Andrew Lloyd Webber', 'Donny Osmond']",3595,0.524,0.564,0.473,139.874,-16.541,1,4,0.585,0.0,0.187,0.139,0,193800,32,1992,1/1/1992,Song Of The King (Seven **** *****,Stage & Screen,1
316,7827,"['Andrew Lloyd Webber', 'Donny Osmond']",3595,0.551,0.319,0.474,145.016,-18.72,1,4,0.732,0.0,0.109,0.0744,0,81333,32,1992,1/1/1992,Pharaoh's Dream Explained,Stage & Screen,1
317,7828,"['Andrew Lloyd Webber', 'Donny Osmond']",3595,0.376,0.224,0.267,111.107,-18.037,1,5,0.6809999999999999,6.06e-06,0.701,0.0394,0,111067,31,1992,1/1/1992,"Poor, Poor Pharaoh",Stage & Screen,1
318,7829,"['Andrew Lloyd Webber', 'Donny Osmond']",3595,0.695,0.418,0.736,126.073,-16.71,1,3,0.6579999999999999,0.0,0.475,0.0778,0,156240,31,1992,1/1/1992,Stone The Crows,Stage & Screen,1
319,7830,"['Andrew Lloyd Webber', 'Donny Osmond']",3595,0.42,0.311,0.49,78.343,-18.199,1,2,0.643,0.0,0.841,0.167,0,264027,31,1992,1/1/1992,"The Brothers Come To Egypt / Grovel, Grovel",Stage & Screen,1
320,7389,['Alvin & the Chipmunks'],744969,0.8,0.535,0.556,98.71600000000001,-8.297,1,1,0.743,0.101,0.119,0.215,0,114253,11,1961,1/1/1961,***** Blind (Folded) Mice,Children's,0
321,7390,['Alvin & the Chipmunks'],744969,0.677,0.7090000000000001,0.9640000000000001,176.507,-6.312,1,0,0.6990000000000001,0.0035,0.104,0.0509,0,108947,11,1961,1/1/1961,Whistle While You Work,Children's,0
322,7391,['Alvin & the Chipmunks'],744969,0.648,0.211,0.521,122.597,-11.433,1,3,0.6729999999999999,4.6e-05,0.429,0.0444,0,119000,11,1961,1/1/1961,The Little ***,Children's,0
323,7392,['Alvin & the Chipmunks'],744969,0.7559999999999999,0.565,0.968,93.81700000000001,-8.301,1,5,0.8420000000000001,2.02e-05,0.0672,0.0265,0,157460,12,1962,1/1/1962,Jingle Bells,Children's,0
324,7393,['Alvin & the Chipmunks'],744969,0.728,0.498,0.9620000000000001,176.463,-6.973,1,0,0.644,0.0133,0.0869,0.0456,0,93879,11,1962,1/1/1962,Up On The House-Top,Children's,0
325,7394,['Alvin & the Chipmunks'],744969,0.633,0.399,0.6990000000000001,140.367,-7.662000000000001,1,2,0.861,0.000102,0.885,0.283,0,126387,9,1960,1/1/1960,Stuck In Arabia,Children's,0
326,7395,['Alvin & the Chipmunks'],744969,0.851,0.486,0.633,113.32,-6.466,1,0,0.735,6.74e-06,0.313,0.118,0,132400,11,1961,1/1/1961,If You Love Me (Alouette),Children's,0
327,7396,['Alvin & the Chipmunks'],744969,0.49,0.604,0.8640000000000001,178.366,-8.136000000000001,1,3,0.78,0.0,0.471,0.03700000000000001,0,105717,10,1962,1/1/1962,Here Comes Santa Claus (Right Down Santa Claus Lane),Children's,0
328,7397,['Alvin & the Chipmunks'],744969,0.52,0.265,0.513,99.264,-6.885,1,0,0.763,4.59e-05,0.194,0.0311,0,69507,10,1961,1/1/1961,Good Morning Song,Children's,0
329,7398,['Alvin & the Chipmunks'],744969,0.667,0.479,0.741,67.587,-7.087999999999999,1,10,0.785,9.120000000000001e-05,0.872,0.0535,0,151265,9,1962,1/1/1962,"Rudolph, The Red-Nosed Reindeer",Children's,0
330,7399,['Alvin & the Chipmunks'],744969,0.74,0.473,0.8759999999999999,87.51100000000001,-7.821000000000001,1,0,0.767,0.0,0.324,0.0333,0,106865,9,1962,1/1/1962,Santa Claus Is Comin' To Town,Children's,0
331,7400,['Alvin & the Chipmunks'],744969,0.6729999999999999,0.351,0.595,105.967,-9.201,1,8,0.785,0.000105,0.0669,0.0368,0,107633,9,1962,1/1/1962,It's Beginning To Look A Lot Like Christmas,Children's,0
332,7401,['Alvin & the Chipmunks'],744969,0.545,0.467,0.963,169.095,-8.231,1,7,0.8190000000000001,0.00123,0.421,0.0284,0,121229,9,1962,1/1/1962,Frosty The Snowman,Children's,0
333,7402,['Alvin & the Chipmunks'],744969,0.339,0.313,0.171,89.72399999999999,-8.458,1,0,0.8059999999999999,0.136,0.0477,0.0299,0,154108,8,1962,1/1/1962,White Christmas,Children's,0
334,7403,['Alvin & the Chipmunks'],744969,0.774,0.619,0.961,109.049,-7.185,1,7,0.7559999999999999,0.004070000000000001,0.384,0.0428,0,118533,8,1962,1/1/1962,Over The River And Through The Woods,Children's,0
335,7404,['Alvin & the Chipmunks'],744969,0.7040000000000001,0.624,0.9470000000000001,118.106,-7.561,1,5,0.5579999999999999,0.0118,0.0815,0.0407,0,114213,8,1960,1/1/1960,Working On The Railroad,Children's,0
336,7405,['Alvin & the Chipmunks'],744969,0.5670000000000001,0.596,0.759,152.312,-5.716,1,8,0.789,9.02e-06,0.495,0.0409,0,140225,8,1962,1/1/1962,The Chipmunk Song (Christmas Don't Be Late),Children's,0
337,7406,['Alvin & the Chipmunks'],744969,0.512,0.53,0.701,180.88,-5.792999999999999,1,7,0.579,0.000219,0.22,0.263,0,152853,9,1962,1/1/1962,The Band Played On,Children's,0
338,7407,['Alvin & the Chipmunks'],744969,0.8059999999999999,0.309,0.7709999999999999,136.754,-10.605,0,9,0.8220000000000001,0.0,0.145,0.0647,0,102747,12,1963,1/1/1963,All I Want For Christmas (Is My Two Front Teeth),Children's,0
339,7408,['Alvin & the Chipmunks'],744969,0.8109999999999999,0.5589999999999999,0.925,129.045,-8.176,1,10,0.652,0.0281,0.18,0.0496,0,52733,7,1960,1/1/1960,Sing ***** With The Chipmunks,Children's,0
340,7687,"['Andr茅 Previn', 'Frank Sinatra']",30250,0.373,0.391,0.101,126.426,-10.006,0,9,0.718,0.9440000000000001,0.146,0.039,0,239747,7,1956,1956,Red - Remastered,Classical,0
341,7688,['Andr茅 Previn'],30250,0.648,0.0833,0.468,54.16399999999999,-18.338,0,6,0.935,0.0,0.2,0.0507,0,84333,20,1964,1964,Servants' Chorus* - Voice,Classical,0
342,7689,['Andr茅 Previn'],30250,0.198,0.385,0.183,99.415,-9.829,0,7,0.892,0.951,0.187,0.0307,0,78159,0,1946,1/1/1946,Designing Woman ****** Main *****,Classical,0
343,7690,['Andr茅 Previn'],30250,0.263,0.114,0.15,53.96899999999999,-16.946,1,7,0.909,0.426,0.336,0.0392,0,88693,20,1964,1964,Intermission* - ************,Classical,0
344,7691,['Andr茅 Previn'],30250,0.217,0.261,0.092,117.846,-19.097,1,2,0.9279999999999999,0.7979999999999999,0.7140000000000001,0.08900000000000001,0,103933,21,1964,1964,The Flowermarket* - ************,Classical,0
345,7692,['Andr茅 Previn'],30250,0.402,0.186,0.66,169.673,-18.45,1,9,0.8809999999999999,0.3779999999999999,0.103,0.0428,0,477520,21,1967,1967,"Symphonie espagnole, Op. *** V. Rondo",Classical,0
346,7693,['Andr茅 Previn'],30250,0.339,0.61,0.0538,123.372,-11.952,1,0,0.747,0.0892,0.127,0.0637,0,329827,35,1973,1/1/1973,"Overture (Jesus Christ Superstar/Soundtrack) - From ""Jesus Christ Superstar"" Soundtrack",Classical,1
347,7694,['Andr茅 Previn'],30250,0.176,0.189,0.169,81.97,-19.049,1,11,0.8859999999999999,0.8290000000000001,0.0829,0.0358,0,159373,36,1976,1976,"Swan Lake, ****** Act I: 9. Finale (Andante)",Classical,1
348,7695,['Andr茅 Previn'],30250,0.122,0.0335,0.0355,95.441,-31.043,0,2,0.903,0.762,0.0759,0.0411,0,528200,0,1949,1949,Cello Concerto: I. Moderato,Classical,0
349,7696,['Andr茅 Previn'],30250,0.278,0.0515,0.0511,105.354,-26.259,1,7,0.8220000000000001,0.116,0.064,0.0425,0,455973,0,1949,1949,Violin Concerto: III. Allegro non troppo,Classical,0
350,7697,['Andr茅 Previn'],30250,0.474,0.476,0.309,108.811,-16.824,1,9,0.955,0.0377,0.219,0.5720000000000001,0,38640,19,1964,1964,Ascot Gavotte (reprise)* - Voice,Classical,0
351,7698,['Andr茅 Previn'],30250,0.3720000000000001,0.112,0.117,89.81200000000001,-19.78,1,7,0.94,0.532,0.0437,0.06,0,588387,24,1966,1966,"Tzigane, M. 76 (Version for Violin & Orchestra)",Classical,0
352,7699,['Andr茅 Previn'],30250,0.204,0.406,0.0904,159.574,-14.309,1,0,0.813,0.853,0.155,0.0404,0,425560,29,1974,1/1/1974,"Holst: The Planets, Op. *** I. Mars, the Bringer of War",Classical,1
353,7700,['Andr茅 Previn'],30250,0.216,0.134,0.124,80.861,-20.053,1,2,0.917,0.685,0.192,0.055,0,704640,34,1976,1976,"Swan Lake, ****** Act I: 5. Pas de deux",Classical,1
354,7701,['Andr茅 Previn'],30250,0.244,0.124,0.222,101.836,-19.81,1,2,0.9620000000000001,0.899,0.193,0.0481,0,223707,34,1976,1976,"Swan Lake, ****** Act I: 3. Scene (Allegro moderato)",Classical,1
355,7702,['Andr茅 Previn'],30250,0.285,0.0718,0.116,116.612,-19.658,1,10,0.963,0.8909999999999999,0.0595,0.0415,0,598867,34,1976,1976,"Swan Lake, ****** Act I: 4. Pas de trois",Classical,1
356,7703,['Andr茅 Previn'],30250,0.265,0.0666,0.0725,144.025,-22.209,0,1,0.9420000000000001,0.748,0.0769,0.0423,0,1070773,34,1976,1976,"Swan Lake, ****** Act II: *** Dances of the Swans",Classical,1
357,7704,['Andr茅 Previn'],30250,0.0849,0.209,0.0411,78.378,-19.25,0,4,0.9470000000000001,0.853,0.149,0.0441,0,180640,34,1976,1976,"Tchaikovsky: Swan Lake, Op. *** Act ** No. *** Scene (Moderato)",Classical,1
358,7705,['Andr茅 Previn'],30250,0.228,0.195,0.654,141.695,-12.988,1,3,0.44,0.9520000000000001,0.0985,0.0316,0,74800,19,1964,1964,Exit Music* - ************,Classical,0
359,7706,['Andr茅 Previn'],30250,0.588,0.119,0.555,83.186,-14.651,0,2,0.669,0.239,0.327,0.0548,0,78373,19,1964,1964,The Transylvanian March* - Voice,Classical,0
360,9107,['Arthur Lyman'],607028,0.529,0.597,0.453,132.295,-7.417000000000001,1,0,0.524,0.00015,0.102,0.0324,0,106787,0,1953,1953,Mele Kalikimaka - Jingle Bells,Easy Listening,0
361,9108,['Arthur Lyman'],607028,0.331,0.0109,0.239,141.973,-34.43,1,0,0.9620000000000001,0.201,0.122,0.062,0,162227,11,1958,1958,Island of Dreams,Easy Listening,0
362,9109,['Arthur Lyman'],607028,0.487,0.194,0.0673,127.977,-16.791,1,0,0.8170000000000001,0.579,0.0857,0.0342,0,246867,13,1958,1958,Bolero,Easy Listening,0
363,9110,['Arthur Lyman'],607028,0.612,0.467,0.963,97.459,-17.303,1,7,0.0288,0.0,0.185,0.0735,0,118093,12,1958,1958,Anna,Easy Listening,0
364,9111,['Arthur Lyman'],607028,0.396,0.27,0.111,83.694,-17.191,1,1,0.0865,0.000268,0.0888,0.0597,0,204933,11,1958,1958,Moon over a Ruined Castle,Easy Listening,0
365,9112,['Arthur Lyman'],607028,0.193,0.0114,0.133,144.296,-39.967,1,10,0.8909999999999999,0.266,0.0878,0.06,0,150373,11,1958,1958,Whispering Reef,Easy Listening,0
366,9113,['Arthur Lyman'],607028,0.328,0.0552,0.113,113.532,-28.69,1,0,0.899,0.6890000000000001,0.18,0.0423,0,159920,13,1960,1960,Moon of Manakoora,Easy Listening,0
367,9114,['Arthur Lyman'],607028,0.4429999999999999,0.012,0.246,122.396,-29.923,0,2,0.927,0.9540000000000001,0.105,0.0413,0,138600,10,1958,1958,My Tani,Easy Listening,0
368,9115,['Arthur Lyman'],607028,0.355,0.00867,0.22,141.955,-37.978,1,0,0.9520000000000001,0.935,0.07200000000000001,0.0564,0,161467,10,1958,1958,Waipio,Easy Listening,0
369,9116,['Arthur Lyman'],607028,0.619,0.444,0.491,122.917,-11.119,1,0,0.125,0.281,0.128,0.039,0,174240,10,1958,1958,Waikiki ********,Easy Listening,0
370,9117,['Arthur Lyman'],607028,0.621,0.275,0.403,131.378,-15.707,1,5,0.071,0.015,0.0552,0.0936,0,150573,11,1960,1960,Love Dance,Easy Listening,0
371,9118,['Arthur Lyman'],607028,0.498,0.28,0.392,83.881,-22.372,1,0,0.665,0.8140000000000001,0.0805,0.0456,0,162280,11,1959,1959,Jungle Jalopy,Easy Listening,0
372,9119,['Arthur Lyman'],607028,0.662,0.4379999999999999,0.8440000000000001,127.206,-16.232,1,5,0.753,0.708,0.0726,0.0315,0,192493,11,1961,1961,Arrive Derce Roma,Easy Listening,0
373,9120,['Arthur Lyman'],607028,0.516,0.341,0.637,126.823,-15.81,1,3,0.495,0.000253,0.233,0.0354,0,156373,10,1961,1961,Andalusia,Easy Listening,0
374,9121,['Arthur Lyman'],607028,0.297,0.161,0.141,183.123,-17.0,1,3,0.977,0.245,0.132,0.0598,0,158013,0,1953,1953,Christmas Song,Easy Listening,0
375,9122,['Arthur Lyman'],607028,0.386,0.00701,0.284,110.583,-35.704,1,5,0.929,0.86,0.0891,0.0502,0,181240,8,1958,1958,Ke Kali Ne Au,Easy Listening,0
376,9123,['Arthur Lyman'],607028,0.578,0.605,0.617,127.779,-12.293,1,1,0.0078,0.0332,0.2,0.0756,0,279707,8,1958,1958,Bwana 脌,Easy Listening,0
377,9124,['Arthur Lyman'],607028,0.374,0.342,0.301,145.222,-16.081,1,0,0.7609999999999999,0.0319,0.199,0.049,0,179440,10,1961,1961,Sweet and Lovely,Easy Listening,0
378,9125,['Arthur Lyman'],607028,0.525,0.322,0.207,132.393,-16.704,0,2,0.826,0.0356,0.0855,0.0619,0,234293,10,1961,1961,Autumn Leaves,Easy Listening,0
379,9126,['Arthur Lyman'],607028,0.612,0.365,0.275,114.059,-16.46,1,0,0.032,0.648,0.124,0.0877,0,150133,7,1958,1958,Sim Sim,Easy Listening,0
380,21892,['Confederate Railroad'],119058,0.604,0.862,0.836,151.496,-4.868,1,7,0.187,4.15e-05,0.251,0.0432,0,199693,37,1996,1996,Queen of Memphis,Unknown,1
381,21893,['Confederate Railroad'],119058,0.586,0.371,0.317,81.421,-12.766,1,2,0.163,0.00146,0.0812,0.0259,0,251467,34,1992,4/28/1992,When You Leave That Way You Can Never Go Back - Remastered Version,Unknown,1
382,21894,['Confederate Railroad'],119058,0.66,0.809,0.674,92.48700000000001,-7.883999999999999,1,7,0.0424,8.96e-05,0.21,0.0323,0,169600,33,1992,4/28/1992,Time *** for Bad Behavior,Unknown,1
383,21895,['Confederate Railroad'],119058,0.645,0.677,0.872,74.945,-9.389,1,5,0.0101,3.04e-06,0.29,0.0338,0,220573,38,1995,1/1/1995,"Bill's Laundromat, Bar and Grill",Unknown,1
384,21896,['Confederate Railroad'],119058,0.748,0.552,0.73,123.657,-7.852,1,7,0.118,1.41e-05,0.0841,0.0258,0,167107,30,1992,4/28/1992,*** Took It Like a Man - Remastered Version,Unknown,1
385,21897,['Confederate Railroad'],119058,0.639,0.795,0.8640000000000001,142.566,-6.633999999999999,1,9,0.0452,0.0,0.121,0.0344,0,194800,57,1992,4/28/1992,**** Women - Remastered Version,Unknown,2
386,21898,['Confederate Railroad'],119058,0.586,0.517,0.637,77.189,-12.88,1,4,0.225,1.91e-06,0.272,0.0268,0,223667,55,1994,1994,Daddy Never Was the Cadillac Kind,Unknown,2
387,21899,['Confederate Railroad'],119058,0.604,0.8029999999999999,0.8420000000000001,151.472,-7.032999999999999,1,7,0.207,3.94e-05,0.24,0.0361,0,199507,49,1992,4/28/1992,Queen of Memphis - Remastered Version,Unknown,2
388,21900,['Confederate Railroad'],119058,0.636,0.8240000000000001,0.872,142.553,-5.535,1,9,0.0468,0.0,0.139,0.0344,0,195707,52,1996,1996,**** Women,Unknown,2
389,21901,['Confederate Railroad'],119058,0.76,0.627,0.731,120.778,-9.048,1,2,0.29,0.0,0.0652,0.0351,0,204533,39,1992,4/28/1992,*** Never Cried - Remastered Version,Unknown,1
390,21902,['Confederate Railroad'],119058,0.622,0.578,0.475,136.611,-8.337,1,11,0.128,0.000614,0.0944,0.0259,0,201800,38,1992,4/28/1992,Jesus and Mama - Remastered Version,Unknown,1
391,83792,['The Bothy Band'],620126,0.311,0.441,0.726,125.999,-12.597,1,7,0.6759999999999999,0.0812,0.0794,0.0398,0,273853,32,1975,1975,The Kesh Jig/Give Us a Drink of Water/The Flower of the Flock/Famous Ballymote,Unknown,1
392,91222,['The Wonder Stuff'],487219,0.51,0.882,0.925,149.128,-6.952000000000001,1,2,0.0266,0.00212,0.0533,0.0317,0,192333,47,1991,1991,The Size Of A ***,Unknown,2
