,dynamic influencers value
754032,3988.935218
66915,2770.020897
894465,2224.327327
120521,1930.431737
180228,1592.968769
354105,1497.968269
840402,1497.80706
549797,1427.203011
100160,1414.99035
824022,1401.922561
577627,1359.528749
531986,1359.383228
128099,1274.31026
139026,1166.996908
418740,1151.120749
538677,1150.241011
562304,1091.203814
608701,1083.97408
41874,1074.898599
55128,1018.145578
489303,933.5908995
238115,932.2457143
276085,911.9603571
821571,904.3558206
771438,889.8586625
46861,884.7516804
631774,884.4635939
316834,856.3536894
346336,828.1672172
112462,774.4049194
423829,770.9804745
490004,746.8508009
577531,746.1659983
617196,710.8995122
76881,705.500361
816890,702.1983591
75747,692.4171717
46699,680.4070258
379125,663.4862143
79016,657.951573
852855,651.0105263
332141,648.6609552
104714,643.6618037
108826,611.5236345
175553,609.1324757
38490,600.0077265
414251,571.4204204
622805,571.1815522
766893,567.2280722
137494,559.9658424
182598,550.1596659
815039,547.0213645
176936,546.3421488
91650,544.4188561
317093,543.1490315
81083,541.9684907
959770,536.9931684
852007,536.4136609
114342,530.9965995
5882,526.5051298
792953,522.270068
192382,520.1625832
496405,514.5655381
866786,513.0573991
793988,512.50875
848784,491.2805812
270491,488.7733333
662800,487.9803175
174557,487.9275168
84209,486.3924501
287604,484.2325456
941579,472.0043716
269972,470.6031414
239961,465.8021108
266160,464.0370112
927555,462.378626
5953,461.2339181
200775,452.6985455
343396,451.0976006
33161,442.6656489
926548,438.5478261
410219,434.4177446
118544,432.2862983
3829,428.1904361
28166,426.0170714
190946,421.5690549
803720,420.3545455
211758,415.3579585
404463,410.3817352
144458,406.3132653
74970,404.0857143
51992,397.7725044
290812,395.6661871
942529,395.3921053
763301,391.3854385
607448,389.1244344
238495,386.8881676
944310,381.750369
162677,379.7132616
477875,378.5855319
184502,377.4281192
672910,375.199184
792507,374.3339535
796734,372.3981025
90803,365.6183291
894335,365.2746667
645612,365.1743119
309328,358.765496
31067,356.8159964
987491,355.9668246
59156,354.091022
138699,353.404501
259529,351.9423114
446509,349.6067114
583959,349.4878365
858827,338.2421725
233066,336.2905834
501407,336.2026504
604852,335.2322445
19701,335.0010101
357406,334.8201889
569685,334.7629857
325459,333.4088594
92942,333.0142012
82584,332.3317739
755156,330.581014
594665,329.5219462
307461,328.8691489
642542,328.05
490416,327.6708075
246611,326.6487321
467203,321.9164649
749734,318.6821974
418981,310.9411825
894956,310.1459152
806542,308.9533191
824599,308.8365503
639053,307.1066667
311674,305.3073069
131650,304.6952774
303050,300.4382979
138520,299.4271801
361393,293.8486842
574772,293.6159509
240865,290.3112676
105354,289.5933333
295276,288.4431373
87985,287.7353919
596126,284.3705069
64509,281.9097143
170815,280.2116945
391398,274.7926103
487186,273.8451613
751019,273.3546239
423267,272.7152174
491220,271.5922984
376608,270.3789108
960674,270.2648391
411761,269.8102464
279141,268.5107948
484396,267.3390525
939567,266.8732997
747445,266.4549223
924232,263.7470588
403120,259.8953608
785380,259.8825503
895136,259.3501458
677781,259.0081152
927627,258.7475956
899530,257.5798165
805930,257.0114434
194703,256.4503958
71209,255.2194805
164594,254.9792453
814036,254.7547771
165011,254.5253927
38936,254.470765
528221,254.2658228
590479,254.0387097
98465,253.4091716
49806,252.8941606
35021,252.5952261
489676,252.3345178
2993710,249.9834606
82013,249.9423841
888730,247.9259552
187581,245.0929078
58549,244.0466165
314600,242.8381743
94205,242.3640114
129775,240.0776799
685647,239.524238
772567,237.4593964
31685,235.6271624
342768,235.5801068
139933,234.4266667
154533,232.7957386
756656,232.6813822
183867,231.7797101
237205,231.0482759
418955,230.290393
37658,226.8399711
755494,226.4539913
582313,226.3066451
422947,225.5914692
483587,225.4729927
253142,225.005638
840102,224.8690162
14651,223.9086957
84053,223.7632075
76057,222.607916
193216,222.4450382
204901,221.328
169202,221.068546
171637,220.4944282
102050,220.0606509
796950,219.1631732
334193,218.7967153
69153,217.992126
137390,217.7471698
750519,217.474415
328014,216.9347068
208774,216.6452174
75264,216.2942675
117001,214.4141618
135024,214.0652174
182900,213.235533
43714,212.7020548
81194,212.5972477
183858,212.0035654
74134,211.9442073
121590,211.5671875
219203,211.4960474
988440,211.4016158
59537,211.3787975
45057,209.8456
409954,208.8016129
260038,208.6863014
159214,208.6862745
569914,206.4888717
422405,205.6356747
193231,204.7020761
806877,204.679066
988638,203.6482234
786613,203.6273345
44764,203.3956023
825208,203.3239389
29334,201.1923077
60679,200.4699531
204708,199.7381107
232564,199.0660714
479582,198.2527687
204386,198.1169811
198901,196.8391015
58372,196.643958
387815,196.4818653
578141,195.2845638
98189,194.9240642
617844,194.6238267
934721,194.2260274
22124,193.5128964
115733,191.4983389
532957,191.2460177
75825,189.9014011
753094,189.5821678
241813,189.5691275
282709,188.8188612
101946,188.6648148
22928,187.4759857
570825,187.2162162
809266,186.4333333
81493,186.0078995
219483,185.3494297
960690,183.4082707
769876,183.1715302
260206,182.5957447
530745,182.5781609
234325,181.8131687
745964,181.1649049
175286,180.6180294
806829,180.476
333634,179.993578
404434,179.9601533
200791,179.4151899
799053,179.2093812
661524,178.8751969
231645,178.054955
813392,177.2549618
265456,177.0904059
748222,176.7758197
838272,175.7584139
500664,175.5344961
345427,175.0012704
186734,172.7160612
162233,172.5949698
772526,172.1377358
112540,171.6532228
380704,171.4620155
802302,171.3978947
425105,171.2125506
208076,171.2057325
668448,168.7911025
492331,168.545666
13511,167.8168582
595101,166.8673469
315403,166.5704017
947816,164.946
891063,164.7505241
607804,164.5015414
336783,163.9211587
154544,163.5289474
781094,163.3005964
892771,162.5726891
170690,162.1634615
131581,161.6666667
659517,161.4900433
240311,161.3343816
804476,161.2028747
883318,159.9023256
672011,159.5894292
89713,159.572332
500889,159.56
20278,159.5553531
187478,159.3192771
749970,159.2895966
82831,159.1647799
815575,159.0927813
577720,159.0771242
40225,158.5800926
505532,157.8071749
573870,157.7770021
474482,157.6284211
402872,157.5543624
577235,157.4511482
780451,156.5638009
144847,156.1529126
131627,156.086385
790988,155.9191686
159699,155.7141487
898331,155.6649682
150629,154.5600939
145128,154.0347932
813092,153.6307692
136640,153.211215
536275,152.8485459
820434,152.4905371
551815,152.3666667
137474,150.5916468
61172,150.3741294
898336,150.337577
753685,150.2113636
160054,149.7727273
293896,149.5285714
762288,149
212612,147.7504425
52900,147.4760369
75100,146.8596059
378624,146.2936275
239921,146.0247253
140499,145.9734375
597309,145.6953545
805661,144.8962441
110341,144.4580931
177060,144.3564103
674873,144.3136364
817000,144.1720721
798606,143.5921833
615119,143.2569832
266255,143.1496487
29884,143.1075
242511,142.8
829643,142.1862385
346637,141.7364706
75171,141.3985948
138833,140.9536585
394806,140.8866142
843607,140.4
199995,139.593531
309458,139.5926829
61938,139.3283582
143951,139.0436451
12472,138.9875
785611,138.9023923
457807,138.8505828
131841,138.3958716
847735,138.2666667
257544,138.052381
936425,137.9699482
640675,137.2552486
928942,136.6978202
206407,135.7861496
855423,135.5872928
62823,135.0593838
423305,134.8840206
524239,134.8019139
842802,134.7566372
579839,133.8387435
796741,133.7253165
80537,133.5124694
962064,133.2776978
55304,133.1794872
147200,132.8229008
364399,132.2831063
611102,131.5132653
848913,130.7080808
64303,130.4354571
937098,129.7893617
486775,129.4121212
127337,129.3863517
686897,129.1544669
83013,127.9676385
764702,127.833033
504928,127.6560322
109735,127.4901099
9680,127.3430168
339577,127.0817694
135273,126.6942598
39661,126.406357
944084,125.8644068
193160,125.4329787
290072,125.2638298
664378,125.2376771
239638,125.2351145
646353,125.2282051
748773,125.1910995
149044,124.4220238
94224,124.3146814
359199,124.2222798
384675,123.5005602
772976,123.1189189
937003,122.9288256
536754,122.8514286
490141,122.8241935
170369,122.7702265
295756,122.3
163198,121.7466307
1098,121.2966102
923618,120.9191781
620121,120.7876033
814606,120.713467
130932,119.8280899
469286,119.6789757
925181,119.5719101
329468,119.4928571
751592,118.8585014
51376,118.74377
664194,118.2495868
868306,118.1895522
349157,118.065625
94210,117.9964497
636044,117.6895604
9084,117.6809524
304401,116.1691395
17748,115.9507937
267354,115.7918033
654490,115.2848837
2411,114.9046823
873886,114.8246377
753617,114.5067227
413524,114.4860558
343930,114.4219931
190021,114.2625767
256349,114.1980519
107139,113.9487952
635413,113.7280374
778344,113.6782609
660507,113.4459016
858710,113.1931034
290040,113.1901099
61044,112.9656566
262255,112.8169811
182360,112.5810811
378288,112.5479452
750203,112.173716
496525,111.9151515
153526,111.2595092
116984,111.1130435
926604,110.9387097
134729,110.767033
503913,110.6022082
78044,110.424911
773642,109.8728395
6334,108.9816609
612716,108.7722008
135032,108.4666667
746010,108.4391691
172350,107.645283
162820,107.4455657
390390,107.0542254
130689,106.9345865
198783,106.3700965
118327,106.3503185
490952,106.3254545
299471,106
154530,105.9287582
127369,105.1066667
424244,104.7054545
623985,104.0178683
7729,103.6159509
369270,103.3816327
428717,103.3417219
840523,103.1236559
93322,102.9437956
798662,102.8078067
781837,102.7470588
819894,102.5580645
485791,102.4157895
39656,101.2342205
950571,101.129316
229157,100.2933333
184814,100.1935691
330575,100.0615917
479028,100.0049296
246022,99.8537415
397880,99.77797834
564333,99.76602317
543055,99.37147766
743929,99.33271375
396676,99.28974359
936190,98.87426471
130115,98.33287197
359494,98.13214286
5441,98.10869565
820232,97.74229391
925852,97.52013423
224638,96.68014184
326249,96.52021858
65590,96.48257261
203008,96.43404255
838195,96.10565371
486305,96.10068259
865016,95.87786561
71336,95.61258741
37730,95.51483254
922728,95.48218623
744548,95.40337079
790732,95.37959184
259800,95.2633452
44290,95.03272727
151431,94.9619403
198922,94.90166113
353145,94.73181818
807489,93.9221843
11707,93.58979592
903609,93.54521073
358820,93.53281853
34094,93.49454545
819344,93.35714286
243008,93.3195122
585189,93.14716981
117844,93.1034632
809999,92.97364621
7689,92.95023474
376204,92.88181818
315336,92.31879699
567190,92.06332046
7920,91.99015544
208404,91.68372093
933172,91.59180328
934069,91.16419753
317545,91.01777778
196248,90.95454545
138332,90.74587814
404345,90.50298507
798792,90.0380597
798248,89.99849246
742899,89.796
330601,89.46208178
150062,89.31111111
678009,89.15284553
583618,89.11428571
678339,89.1
540883,88.96619718
482334,88.94090909
548338,88.7558952
752314,88.57830189
165818,88.54765625
18258,88.47136929
68155,88.21206226
498691,87.17569721
988386,87.01865672
227527,86.96859903
489999,86.86602317
302685,86.41422925
187162,86.31212121
69986,86.14867257
96613,86.03809524
674263,85.52653061
308871,85.42231076
793227,85.41293103
129308,85.20491803
683750,84.68506224
163229,84.65238095
471355,84.28609865
785283,84.15238095
53739,84.13135593
60306,83.74488189
51909,83.69324895
248392,83.54883721
850692,83.53220339
533117,83.44468085
493327,83.2399061
319347,83.07853107
295545,83.0042735
87597,82.98299595
192925,82.6503876
921306,82.48785047
784527,82.36808511
246885,82.20967742
625736,81.91621622
756291,81.80416667
151979,81.72905983
85776,81.64700855
238440,81.58506787
266916,81.40295359
921965,80.925
377908,80.90649351
863790,80.85263158
70715,80.82018779
501802,80.8
788568,80.62389381
690254,80.53694581
572579,80.50384615
200882,80.4
313284,80.32068966
391933,80.2
87113,80.1940678
389979,80.06777251
233228,79.7154185
129547,79.59647577
36521,79.23804348
502163,79.06851852
191947,79.00045249
350840,78.76893204
299882,78.53842795
251375,78.50747664
814898,78.47260274
767016,78.459375
223054,78.42718447
754251,78.3
28772,78.25962441
73421,78.23515982
196969,78.09107981
377891,77.92008734
351733,77.75882353
133832,77.65450644
920073,77.60044843
771010,77.56716418
142652,77.49307359
320761,77.43103448
541125,77.2235023
763237,76.96341463
569402,76.85215311
418662,76.84090909
325401,76.78061224
308932,76.68325792
292915,76.62815534
521704,76.58161435
160690,76.546875
118289,76.40186916
279337,76.26089385
806247,76.23969849
174822,76.19230769
396372,76.0878453
575051,75.93773585
237517,75.88113208
132449,75.87244898
34172,75.74392523
633181,75.69178744
195874,75.27582418
79960,75.23483146
752773,75.12072072
774791,75.00789474
808944,74.90558659
936206,74.87607362
894847,74.82149533
249973,74.48205128
172041,74.29459459
137580,74.23541667
59819,74.2245098
178889,74.19090909
492466,74.15714286
168958,74.13611111
817369,74.0255814
100854,73.88959276
607283,73.86315789
754219,73.79330544
420133,73.77272727
573241,73.665
66228,73.57685185
769616,73.48482143
307025,73.27096774
123007,73.18719212
107090,73.12941176
225389,73.04666667
164093,72.82394366
489316,72.57428571
274822,72.48666667
651107,72.47227723
214162,72.43125
46120,72.41917808
198162,72.18436019
834466,72.13902439
99561,72.05409836
93533,71.53963134
194018,71.5
334740,71.45595855
202545,71.43251232
291043,71.43142857
130028,71.39832402
767068,71.34973822
406294,71.21176471
366407,71.16180905
756740,71.11067961
206967,71.05555556
154548,70.6318408
72041,70.61791908
758520,70.52941176
792925,70.37783251
156043,70.2959799
492275,70.02022472
77698,69.96071429
212131,69.91956522
836312,69.85769231
744796,69.60322581
120487,69.5627451
83554,69.55819209
334770,69.52081218
769444,69.5203252
217622,69.41578947
553483,69.36932515
892823,69.27222222
790814,69.20238095
478426,69.08
478603,69.02159091
395819,68.84411765
21744,68.80471204
390477,68.6742515
741746,68.66627219
140689,68.54615385
816900,68.43045685
168993,68.42843602
814751,68.38343949
481057,68.32048193
920994,68.15911602
243474,68.13548387
671953,68.01046512
855531,67.85139665
420539,67.81578947
781932,67.68066298
923432,67.55945946
835648,67.44705882
193320,67.29054054
294923,67.28539326
240081,67.23036649
822777,66.95763547
770629,66.8021164
137084,66.74175824
798992,66.69142857
784732,66.46896552
781172,66.43571429
830538,66.36060606
122754,66.25757576
167287,66.175
282800,66.10574713
59293,66.1
44906,65.91111111
515628,65.85672515
636474,65.78235294
816387,65.75775401
359016,65.72857143
866841,65.67237569
243527,65.59883721
58438,65.45245902
957296,65.43571429
893111,65.41675393
19892,65.28924731
210425,65.20543478
81561,65.19875776
85915,65.18961039
138837,65.11809045
831215,65.03809524
668302,65.02857143
895443,64.99929078
790820,64.96081081
359966,64.91775148
792175,64.86045198
597094,64.85620915
271029,64.79787234
184267,64.70327869
605375,64.59705882
930204,64.37380952
74195,64.36315789
147635,64.06956522
409968,64.06052632
13384,63.99113924
864209,63.96624204
761706,63.96315789
173988,63.95789474
774588,63.91631206
61226,63.79795918
1006782,63.74973545
660401,63.68602151
246960,63.66969697
62002,63.64237288
766094,63.59883041
572737,63.50196078
898828,63.44444444
278575,63.18857143
493848,63.05135135
15694,62.93559322
209142,62.89467456
158309,62.8089172
545074,62.73243243
424296,62.69824561
796045,62.65704698
273531,62.62247191
75295,62.46875
776562,62.28241758
244406,62.2
921002,62.15512821
206241,62.09078947
501692,61.98817204
154998,61.94161074
184091,61.85151515
957085,61.825
527379,61.71111111
178014,61.70714286
210323,61.66857143
213590,61.63107345
792370,61.49927007
96379,61.40839695
754879,61.34973262
327765,61.33043478
224186,61.21333333
542549,61.20909091
609966,61.18421053
112789,61.13396226
502398,60.79411765
923033,60.64929577
629609,60.57748344
509223,60.56708861
179730,60.52075472
922200,60.16184211
344275,60.07880795
80118,60.0619883
185615,60
252184,59.95517241
74452,59.93850267
813946,59.87857143
233862,59.83205128
568861,59.62721893
801573,59.59411765
91438,59.43809524
837592,59.38333333
790227,59.36163522
359326,59.31292517
61534,59.08
500992,59.00991736
289177,58.99761905
345734,58.98666667
127451,58.98588957
179379,58.96774194
407300,58.9
65397,58.89440994
105422,58.85806452
543867,58.67142857
495338,58.66575342
260212,58.50551181
578999,58.33109244
857203,58.29230769
24568,58.2
124492,58.15
128440,58.14033613
72205,57.82907801
274321,57.74099379
8828,57.67364341
240665,57.588
763611,57.56763006
837150,57.49534884
614339,57.42704403
809334,57.31764706
757342,57.28947368
506513,57.12777778
61480,56.88051948
197921,56.87971014
258430,56.49565217
931086,56.40606061
335,56.372
101776,56.25204678
944349,56.06737589
302765,55.9969697
185948,55.98648649
651156,55.9443609
558339,55.75443038
38466,55.73288591
747757,55.70277778
889097,55.57888199
760240,55.51958042
29867,55.33673469
310383,54.9647482
674662,54.86025641
254535,54.85
246768,54.75369128
119651,54.73956835
825087,54.59594595
280445,54.58881988
818593,54.43529412
490549,54.42857143
294085,54.30597015
893719,54.29220779
222351,54.16624204
745241,54.14765101
67406,54.12142857
299668,54.10067114
343954,54.02442748
764890,54.02038217
184043,53.88351648
522377,53.87288136
33560,53.86184211
823165,53.81408451
312353,53.72340426
132579,53.70794702
838300,53.44615385
129637,53.30225564
297702,53.21060606
19241,53.12352941
167386,53.09194631
954694,53.08053691
52382,52.98489209
371258,52.98088235
578744,52.87712418
830375,52.83333333
417607,52.80131579
106987,52.76732026
424292,52.7540146
593930,52.73375796
228266,52.61836735
777210,52.58346457
603590,52.28181818
314346,52.16184211
758208,52.11304348
671156,52.04755245
29067,52.02340426
674887,51.98348624
898479,51.94864865
251604,51.82467532
813485,51.7027027
575012,51.68974359
554963,51.67241379
213165,51.64583333
334829,51.56642336
628981,51.47943262
823012,51.45704698
297894,51.43076923
110161,51.408
611881,51.37808219
607773,51.371875
475932,51.35373134
135152,51.35051546
11754,51.30144928
472925,51.18549618
239859,51.1205298
366164,51.00930233
493122,50.97857143
759491,50.92307692
403184,50.90909091
68780,50.7593985
805208,50.74137931
626463,50.67961165
489520,50.516
753963,50.45036496
38302,50.4300885
17929,50.29230769
762177,50.08571429
949619,49.94744526
129761,49.94354839
205180,49.94166667
591048,49.90612245
131178,49.8
932665,49.7
596922,49.62040816
317417,49.6037037
568071,49.58225806
1043986,49.44246575
194036,49.34814815
496097,49.34179104
29791,49.328
587608,49.3
301619,49.2516129
834108,49.23333333
750970,49.156
133969,49.15238095
127360,49.12727273
758444,49.10188679
368367,48.90895522
484145,48.90243902
743760,48.8880597
687487,48.80504202
574597,48.58181818
178906,48.57272727
776093,48.40740741
90188,48.39534884
414016,48.38059701
167517,48.33636364
86312,48.27102804
31263,48.175
935330,48.16956522
80657,48.16402878
160848,48.12307692
73644,48.12121212
800100,48.064
667794,47.9
756180,47.89586777
897322,47.63835616
335747,47.57241379
887348,47.53445378
592954,47.5
179764,47.48208955
560208,47.39090909
31380,47.36290323
747506,47.23333333
406898,47.19865772
16438,47.16842105
270667,47.06296296
16281,47.05841584
545726,46.98585859
624215,46.97857143
200968,46.968
477954,46.90458015
333181,46.57449664
805785,46.436
191063,46.425
827250,46.3515625
197040,46.34444444
588508,46.30740741
517074,46.30204082
337631,46.296875
303506,46.27142857
641994,46.21834862
758943,46.1515625
235169,46.10338983
585249,46.06767677
127063,46.0412844
868092,46.02173913
497132,46.00884956
816701,45.94065041
756772,45.92903226
604075,45.85112782
213212,45.79166667
97325,45.79122807
112017,45.68983051
180263,45.59245283
393345,45.53218391
683795,45.48474576
887619,45.31451613
790833,45.31382114
27916,45.22586207
15318,45.11443299
136871,45.06226415
482787,45.02580645
751604,44.96756757
962339,44.90909091
772191,44.8512605
806822,44.85072464
328352,44.78455285
931105,44.74951456
852688,44.7119403
664817,44.66122449
489876,44.62653061
7448,44.61196581
130402,44.4
987621,44.39047619
247966,44.35762712
224294,44.22807018
35338,44.21206897
628467,44.1875
669015,44.175
627337,44.07606838
29909,44.04590164
946137,43.97857143
285272,43.97567568
522768,43.96185567
792530,43.92771084
919853,43.88970588
139908,43.86785714
669473,43.85689655
143494,43.80862069
671244,43.80472441
263937,43.79583333
788569,43.71052632
186185,43.70206186
89021,43.66190476
107877,43.63387097
172167,43.63055556
355451,43.61666667
179205,43.58141593
793022,43.55454545
159791,43.55107914
159433,43.35555556
781732,43.34166667
32366,43.33333333
232701,43.27826087
590285,43.26238532
85448,43.22962963
172612,43.18256881
117064,43.18235294
61479,43.12786885
80780,43.12258065
308645,42.96481481
485191,42.93571429
771297,42.81338583
751910,42.78269231
490763,42.752
10982,42.73157895
140816,42.70983607
942252,42.70776699
567624,42.69056604
768321,42.65531915
855836,42.65051546
794846,42.63
590265,42.60483871
509356,42.56896552
46794,42.29183673
631579,42.26346154
524050,42.24761905
19297,42.19130435
807949,42.0754717
762731,42.07142857
849672,42.05
300024,41.99082569
775877,41.92280702
287259,41.91769912
838241,41.90588235
102985,41.85555556
131681,41.63125
787757,41.58440367
16759,41.39655172
110104,41.38224299
45313,41.3021978
853926,41.29090909
502774,41.2171875
674011,41.18053097
98081,41.18039216
186312,41.1375
569256,41.13684211
819983,41.07777778
368451,41.03703704
207127,40.98019802
673208,40.97956989
409670,40.69230769
322027,40.67966102
300534,40.66666667
242966,40.66576577
218885,40.57446809
894827,40.54528302
577590,40.53703704
189644,40.38613861
242861,40.26741573
25462,40.2628866
66429,40.2009901
128495,40.17894737
575379,40.12222222
280956,40.08317757
958533,40.07894737
647796,40.05918367
610346,39.96511628
816896,39.94
488378,39.87777778
501081,39.825
842269,39.81111111
134600,39.77692308
170454,39.75306122
952794,39.68958333
218994,39.62222222
245019,39.60851064
41899,39.58584071
692100,39.57719298
152312,39.55625
564239,39.55054945
833782,39.51818182
152002,39.44044944
286115,39.37241379
181694,39.34949495
804289,39.26373626
165663,39.24117647
669303,39.11165049
516706,39.10508475
18977,39.04761905
845625,39.00784314
189701,38.95585586
219243,38.84117647
161808,38.78656716
636106,38.74509804
753985,38.67272727
802791,38.63043478
201760,38.55753425
451296,38.53186813
245760,38.52525253
608945,38.38125
208582,38.33564356
394449,38.32222222
225930,38.31111111
487012,38.27863248
590441,38.22765957
683065,38.13809524
57209,38.07524752
141838,38.04883721
67631,38.03888889
222927,37.78888889
639397,37.7372093
925528,37.72886598
815236,37.71489362
339624,37.65957447
93632,37.58659794
673360,37.57741935
642664,37.56086957
948557,37.51834862
492162,37.50909091
766361,37.50465116
142050,37.46391753
765595,37.46202532
827367,37.44545455
645474,37.43043478
12802,37.34864865
569644,37.34615385
584257,37.34423077
332852,37.32568807
171994,37.31100917
245039,37.28764045
874289,37.27906977
94890,37.16666667
626268,37.08539326
536122,37.04025974
89710,36.99462366
868456,36.9877551
918400,36.89587629
930642,36.89417476
386253,36.83269231
938638,36.83
630882,36.82523364
178536,36.78172043
831381,36.77659574
362437,36.76666667
339490,36.74226804
175708,36.73529412
180449,36.70392157
789775,36.68888889
473554,36.57241379
489209,36.55730337
44751,36.4313253
546214,36.35820896
625739,36.3
332257,36.2875
103484,36.27241379
343940,36.21111111
919525,36.20434783
77175,36.15632184
38579,36.12048193
591104,36.03333333
20050,35.96629213
795341,35.94
64145,35.91
670088,35.90980392
59655,35.84583333
562030,35.78737864
32071,35.68666667
649435,35.68372093
667669,35.68297872
828768,35.66170213
84814,35.6
198532,35.5952381
760154,35.4
780258,35.38
242473,35.36666667
755570,35.31318681
475980,35.21914894
135391,35.15652174
658346,35.15384615
610339,35.15301205
169536,35.04693878
504276,34.99135802
204714,34.92916667
194743,34.88
814852,34.81868132
790667,34.77826087
66570,34.77468354
842351,34.69302326
139089,34.6
17877,34.56901408
746666,34.46097561
2130,34.44736842
128585,34.37777778
655273,34.32857143
471156,34.30434783
276381,34.28863636
161920,34.21176471
808198,34.16956522
165736,34.16344086
129430,34.13636364
151787,34.09444444
542976,34.04047619
517264,34
913210,33.80217391
164053,33.74411765
328288,33.69506173
228099,33.6939759
583478,33.56046512
1608941,33.55172414
35076,33.53414634
797056,33.51428571
684253,33.42022472
681340,33.4
130173,33.39230769
56913,33.33535354
793821,33.28181818
376739,33.2452381
782768,33.21363636
34249,33.12641509
290590,33.11590909
216846,33.1
421122,33.07894737
197532,33.0655914
887718,32.99484536
234844,32.97857143
221894,32.94938272
135378,32.93186813
207735,32.84810127
755519,32.84383562
27136,32.8
643549,32.77804878
4852,32.71818182
120060,32.70886076
86826,32.65454545
167320,32.6125
78886,32.55584416
749175,32.52857143
22257,32.47948718
80720,32.42894737
153590,32.42307692
477377,32.37191011
791483,32.18214286
151469,32.16144578
664849,32.16027397
368112,32.13636364
799081,32.11724138
683085,32.0375
398259,31.97948718
225948,31.95348837
686560,31.94375
502371,31.9
131624,31.88571429
138063,31.83636364
746068,31.82368421
684240,31.80714286
24944,31.80357143
745584,31.78461538
3595,31.75
838559,31.71219512
99246,31.66575342
112185,31.55714286
78242,31.5
13387,31.47246377
46727,31.45294118
758194,31.44117647
855405,31.44029851
932858,31.35897436
183139,31.32528736
575522,31.28032787
345355,31.21791045
162487,31.20869565
610706,31.18196721
421315,31.18139535
323194,31.17142857
608166,31.17096774
825251,31.15454545
166785,31.15454545
200074,31.12835821
961234,31.10384615
561715,31.06835443
312354,31.05789474
337856,31.03333333
175087,31.02753623
958076,31.01282051
746731,31.00612245
543595,31.00338983
314505,30.9625
661525,30.93243243
29808,30.90289855
162269,30.87234043
696015,30.85942029
235923,30.84
784760,30.77894737
412134,30.76666667
791120,30.75526316
186927,30.74285714
228323,30.72898551
785101,30.72857143
790078,30.72790698
243812,30.70410959
93566,30.65223881
58386,30.63421053
485135,30.62222222
813731,30.61176471
81796,30.55844156
105129,30.55245902
621944,30.54210526
806507,30.52077922
320845,30.51139241
401066,30.49534884
749476,30.4
319021,30.36875
765722,30.35609756
584923,30.35373134
210991,30.34313725
47033,30.29333333
927650,30.25714286
487535,30.2125
222436,30.1
296402,30.07721519
830028,30.06455696
611877,30.06164384
189678,30
864257,29.93947368
927736,29.875
169795,29.85263158
71970,29.80408163
271113,29.80144928
495784,29.7826087
556242,29.7739726
148477,29.75584416
248798,29.73287671
956707,29.70810811
572106,29.675
567325,29.63783784
788937,29.6375
18176,29.63235294
125465,29.61578947
927373,29.5902439
130764,29.57808219
312890,29.52702703
565634,29.49710145
170770,29.42608696
482600,29.39210526
416785,29.38961039
171728,29.34242424
846092,29.3373494
69534,29.30434783
812046,29.27692308
359062,29.2
46925,28.98333333
141256,28.90666667
210512,28.84
162197,28.82051282
885875,28.81038961
463435,28.80540541
188342,28.74411765
466759,28.73061224
611929,28.72121212
949820,28.7
891575,28.67464789
12654,28.66190476
837946,28.65151515
789721,28.64918033
325443,28.61666667
120953,28.590625
233035,28.57945205
820999,28.56419753
26520,28.55306122
511029,28.53835616
609396,28.52121212
948171,28.46666667
678408,28.38787879
93849,28.3875
191429,28.36764706
411745,28.35384615
948061,28.31014493
20403,28.1641791
575695,28.15342466
200777,28.1125
945196,28.06363636
208303,28.00410959
816517,27.97692308
13393,27.97647059
173487,27.82337662
195237,27.80606061
330634,27.8
78191,27.79117647
763554,27.74285714
142178,27.69710145
806336,27.63770492
49180,27.55833333
576718,27.55384615
745915,27.53174603
887719,27.44109589
160198,27.41641791
26510,27.41212121
158849,27.37941176
87179,27.33333333
767095,27.32564103
43499,27.32028986
355412,27.24035088
758601,27.21428571
66395,27.2
405522,27.1109589
113823,27.10606061
46184,27.08421053
145086,27.08219178
375945,27.07462687
954646,27.04626866
226331,27.03943662
665957,27.00634921
1190,26.98571429
799466,26.87058824
639056,26.82857143
129817,26.76956522
104455,26.7
924508,26.60784314
234488,26.60714286
607053,26.54313725
807121,26.51298701
762652,26.43571429
268871,26.41724138
811622,26.40169492
383889,26.39574468
308742,26.34477612
97182,26.29344262
74340,26.28695652
35587,26.27924528
175775,26.22
300245,26.2
251491,26.19090909
408696,26.18888889
816895,26.16438356
489207,26.06849315
766078,26.06315789
474648,26.01791045
97173,25.97096774
636394,25.87037037
744265,25.82033898
177588,25.79726027
307875,25.76603774
101701,25.7
75394,25.66666667
305468,25.59649123
803009,25.56774194
219021,25.5
162930,25.49090909
518313,25.44545455
482677,25.44313725
622379,25.39032258
894531,25.37692308
314113,25.33921569
246628,25.31904762
228087,25.29047619
186594,25.15357143
389213,25.15
758453,25.14102564
327735,25.12857143
486047,25.11052632
345168,25.1
185810,25.0972973
267814,25.07586207
637150,25.01111111
68551,25.00625
498987,24.98571429
48908,24.965625
480086,24.85609756
797431,24.84897959
578031,24.84193548
848034,24.81632653
10412,24.8
251210,24.77945205
52151,24.75454545
859509,24.72653061
820115,24.71363636
639005,24.69090909
753237,24.67017544
840000,24.64090909
330967,24.61034483
290464,24.60784314
568137,24.58709677
197364,24.56071429
1878899,24.48571429
116178,24.42272727
686577,24.42105263
684830,24.41355932
1433,24.36585366
99753,24.36363636
745316,24.34509804
784766,24.265625
88180,24.1625
845468,24.14285714
796166,24.13076923
64199,24.1
885375,24.0627907
305541,24.06086957
315909,24.03939394
2330,24
683686,23.89047619
399659,23.87777778
165162,23.85862069
324854,23.84545455
275832,23.84
954964,23.75357143
152023,23.74736842
170330,23.72068966
16835,23.71884058
800426,23.7
589630,23.65675676
238297,23.63684211
374126,23.63404255
214593,23.625
191699,23.62307692
249175,23.61481481
282766,23.54893617
771905,23.54375
149515,23.49565217
320426,23.40909091
81403,23.30754717
181376,23.3
794449,23.21132075
837215,23.19677419
759998,23.18387097
95613,23.18076923
51736,23.09259259
240252,23.08604651
352294,23.06440678
479350,23.04166667
845443,23.03404255
567570,23.02272727
644880,22.99230769
490738,22.96842105
296024,22.92972973
776371,22.90769231
73383,22.90714286
859868,22.87254902
127696,22.85348837
828740,22.83898305
582930,22.74150943
34988,22.73953488
105618,22.71071429
801762,22.709375
103033,22.66721311
759031,22.64186047
170211,22.59152542
496487,22.5625
680476,22.55714286
764181,22.5244898
96964,22.48695652
219334,22.47307692
355555,22.47307692
259561,22.46666667
275757,22.44358974
110541,22.41395349
149840,22.4
477523,22.38490566
798326,22.37777778
205254,22.30566038
680522,22.29534884
101953,22.25737705
925837,22.25555556
839369,22.25
266534,22.2047619
582253,22.1625
405903,22.15918367
16944,22.15
306446,22.08846154
186096,22.04897959
829122,22.04347826
793845,22.02608696
39258,22.01904762
38977,22
212200,21.94
520975,21.93617021
121157,21.93571429
785773,21.925
61273,21.92413793
198302,21.87021277
817754,21.85
147082,21.80588235
108679,21.75263158
83859,21.74782609
223701,21.7372093
808214,21.70212766
341652,21.68518519
749504,21.66666667
762885,21.66
504169,21.65737705
184811,21.64878049
776011,21.64444444
933883,21.62727273
402249,21.56923077
761179,21.56153846
483848,21.55925926
141681,21.54230769
521851,21.53333333
634377,21.53191489
811897,21.52307692
831236,21.44583333
341672,21.41111111
741177,21.4
137137,21.4
301955,21.3952381
81683,21.35217391
480830,21.34736842
354733,21.30454545
163570,21.2902439
919598,21.29019608
936658,21.24098361
334644,21.19148936
139741,21.17948718
786360,21.15
811598,21.14285714
311680,21.1
111934,21.06363636
359613,21.04444444
334101,21.02765957
574102,21.00869565
853492,20.9804878
770007,20.98
151290,20.97142857
639697,20.94186047
588450,20.91111111
561105,20.9
64817,20.88181818
92303,20.875
292559,20.87083333
834673,20.83333333
491802,20.82653061
211483,20.81304348
21747,20.8
103324,20.77826087
835585,20.72790698
31324,20.7
196690,20.69047619
858375,20.67027027
295415,20.67027027
572499,20.66326531
677842,20.64
843106,20.63934426
250976,20.6
249420,20.59607843
265440,20.57916667
390532,20.54615385
44703,20.51176471
48816,20.48947368
666763,20.46190476
633078,20.43333333
944206,20.42068966
152228,20.42
354722,20.41666667
272567,20.3804878
800926,20.37727273
70800,20.37297297
742166,20.36862745
494537,20.35
57124,20.32222222
42993,20.32173913
113480,20.2952381
13508,20.15641026
899198,20.13265306
443997,20.12222222
573978,20.08947368
925066,20.07142857
576839,20.05882353
891264,20.0125
387720,20.00588235
121459,19.98
738855,19.96363636
67528,19.96170213
107466,19.93181818
852842,19.91914894
775406,19.90204082
303626,19.89473684
692251,19.87058824
217792,19.86190476
69402,19.85909091
685751,19.85882353
588943,19.84782609
188843,19.77358491
352171,19.76666667
882950,19.72
920101,19.68367347
768027,19.64255319
412710,19.64230769
842611,19.55909091
387530,19.55
926428,19.52941176
940831,19.51351351
43444,19.50606061
94658,19.44444444
690456,19.3893617
778568,19.38695652
668922,19.36086957
169526,19.35294118
558596,19.34347826
406733,19.33962264
22348,19.32631579
780581,19.2625
172642,19.20980392
177454,19.20869565
298766,19.20816327
70534,19.2
566918,19.18974359
257141,19.16153846
601079,19.15882353
367459,19.15
774956,19.14693878
83095,19.11538462
849246,19.1
171150,19.07837838
766385,19.0025641
341422,19
123915,18.99565217
799771,18.97906977
745617,18.96666667
251361,18.94285714
250435,18.90555556
89018,18.89655172
397876,18.87826087
118189,18.85757576
829267,18.85555556
235881,18.77619048
21292,18.75
524522,18.74285714
290502,18.7
740833,18.68571429
902138,18.65365854
203639,18.63809524
805332,18.63023256
793425,18.62790698
838524,18.62380952
597965,18.5804878
928351,18.56363636
195305,18.54444444
476645,18.52244898
130036,18.42380952
687561,18.42051282
520033,18.4137931
674332,18.38947368
140176,18.38888889
31606,18.37142857
39013,18.36666667
891032,18.34615385
288154,18.32105263
251925,18.31176471
477116,18.31052632
815537,18.30555556
106882,18.27272727
393789,18.25151515
837486,18.24444444
563834,18.1969697
5501,18.19393939
767129,18.18181818
943936,18.175
213921,18.10714286
244711,18.09803922
582024,18.09767442
762500,18.02142857
631535,18.00232558
176358,18
45077,17.97297297
262794,17.96470588
815090,17.93333333
23290,17.9
337271,17.89230769
688400,17.87317073
940583,17.8
945269,17.8
174752,17.72727273
10538,17.71875
636433,17.71428571
47789,17.66111111
49774,17.64615385
789064,17.6195122
253408,17.61428571
181321,17.6025641
94126,17.6
401287,17.58333333
127949,17.56470588
165830,17.55
69060,17.42352941
398615,17.42222222
79392,17.40588235
40743,17.4047619
772745,17.4
57840,17.4
487663,17.39047619
792583,17.38571429
128290,17.32857143
498961,17.325
797205,17.32105263
128266,17.2952381
315339,17.29473684
142249,17.29230769
67900,17.28636364
28432,17.22142857
792733,17.21481481
297955,17.18333333
607202,17.16842105
923384,17.15625
333464,17.15
108124,17.12222222
333573,17.11290323
1006765,17.1125
675710,17.10555556
165855,17.07777778
298764,17.05882353
610880,17.03529412
311074,17.02857143
515251,17
933809,16.97878788
90945,16.96818182
758999,16.95
623254,16.94375
922911,16.93103448
163420,16.9
287350,16.9
223627,16.89285714
305363,16.85789474
227697,16.83333333
744075,16.78695652
321321,16.76060606
1292549,16.73181818
12128,16.70588235
655547,16.69354839
337119,16.67857143
219966,16.67826087
41420,16.675
614823,16.66666667
2825814,16.65853659
81079,16.65
689367,16.63333333
809446,16.62105263
322279,16.62083333
585574,16.60909091
510805,16.56666667
245992,16.55897436
691807,16.55714286
302106,16.53225806
955544,16.52162162
339905,16.51818182
504815,16.5
949780,16.48518519
492037,16.48
761108,16.47857143
863102,16.46842105
80428,16.42307692
35719,16.42105263
370703,16.35
48566,16.32608696
36468,16.30645161
148305,16.3
219655,16.28333333
920939,16.25135135
607967,16.24634146
790604,16.24285714
351842,16.18461538
796957,16.18139535
884962,16.17142857
351227,16.16666667
79044,16.15172414
763341,16.11578947
50251,16.08181818
120615,16.07727273
921710,16.06190476
508443,16.06086957
751623,16.05806452
103162,16.05294118
883345,16.02173913
753706,16
7305,16
903009,15.95625
286561,15.95
617336,15.94615385
176256,15.94545455
767741,15.92702703
939187,15.92608696
675495,15.91428571
527267,15.88888889
571845,15.88235294
179698,15.87647059
255704,15.87142857
5980,15.84705882
893383,15.81818182
406575,15.80909091
781766,15.7375
257160,15.73076923
184187,15.71052632
805345,15.69473684
289629,15.68571429
781370,15.67272727
223197,15.65714286
169856,15.625
133719,15.62222222
288830,15.61612903
489845,15.58571429
583723,15.55263158
488859,15.54848485
936946,15.53571429
487271,15.53225806
201678,15.51875
156886,15.51538462
65882,15.46086957
505047,15.46060606
240923,15.45172414
490620,15.43333333
300659,15.43333333
286483,15.42580645
253397,15.41891892
31022,15.41428571
347148,15.3875
620495,15.38571429
97529,15.36969697
564726,15.34827586
688804,15.34444444
139709,15.3
475362,15.2962963
152973,15.27391304
146490,15.27272727
317865,15.26315789
919928,15.25
247545,15.24545455
179335,15.24
122252,15.23448276
579458,15.21666667
516929,15.1625
936095,15.16
288904,15.13571429
684920,15.10952381
310789,15.10769231
259270,15.06666667
780625,15.04074074
414745,15.00344828
12644,14.94285714
788508,14.94117647
950956,14.92142857
641450,14.89512195
791318,14.88
570061,14.87692308
791480,14.87272727
359179,14.82903226
128249,14.8125
296802,14.81034483
269390,14.79375
673933,14.77777778
135543,14.775
149166,14.76060606
566984,14.75757576
149973,14.72258065
163386,14.70526316
896965,14.69189189
190632,14.66428571
245489,14.63157895
139804,14.58965517
776301,14.57567568
802745,14.56896552
31274,14.56666667
191680,14.55625
597736,14.55238095
83194,14.55
85410,14.53529412
33580,14.53157895
619423,14.525
33666,14.51935484
407986,14.5
786228,14.5
988471,14.5
222974,14.45185185
174122,14.45
392299,14.45
860080,14.43333333
814871,14.43225806
481354,14.37692308
621423,14.36086957
503279,14.35882353
36934,14.33684211
166658,14.32857143
244537,14.32580645
29978,14.31666667
804559,14.3
133119,14.3
44068,14.2952381
565521,14.28125
751738,14.27575758
52736,14.26111111
31556,14.25
258882,14.25
146544,14.24285714
926237,14.23636364
459027,14.22972973
673621,14.21666667
567862,14.2
667020,14.2
479113,14.18461538
588112,14.17419355
32433,14.16666667
802464,14.15833333
826660,14.13846154
3627,14.125
227776,14.07777778
106298,14.05714286
2368302,14.05172414
230784,14.03030303
206465,14.025
809396,14.00952381
779670,14.00952381
133057,14
766066,14
77662,13.98064516
459616,13.96363636
8549,13.93333333
6320,13.9
182884,13.8826087
104741,13.83529412
824866,13.81666667
149946,13.80769231
226380,13.8047619
317108,13.8
6310,13.78695652
228714,13.78518519
74853,13.78
519715,13.75454545
796439,13.72307692
324646,13.72105263
580058,13.71111111
821590,13.65625
926307,13.65294118
22875,13.61111111
669511,13.59411765
954817,13.59090909
670226,13.58571429
855773,13.57878788
16361,13.57575758
90018,13.57096774
765585,13.56666667
367188,13.55555556
76561,13.54117647
462110,13.53448276
768010,13.53333333
832507,13.53125
126144,13.48181818
930722,13.44848485
919812,13.42068966
251595,13.41176471
335302,13.40833333
287407,13.36666667
108554,13.30714286
848952,13.30588235
786245,13.29375
919282,13.27241379
96744,13.24444444
397042,13.23870968
122023,13.14
812711,13.11818182
49374,13.09565217
943827,13.08571429
949259,13.04615385
825032,13.04516129
258090,13.04
34899,13.01428571
155563,13
221803,12.99411765
757157,12.99047619
118853,12.93571429
773392,12.92758621
794173,12.90740741
133528,12.90714286
91879,12.9037037
138271,12.9
299429,12.89285714
308762,12.875
662797,12.86666667
681956,12.86190476
850693,12.84761905
203711,12.84736842
775323,12.84736842
164189,12.83125
305501,12.82222222
803757,12.81428571
866491,12.81052632
239827,12.8
73605,12.78484848
193963,12.75
201983,12.7375
138407,12.72222222
296487,12.72
35464,12.71176471
667169,12.70833333
502199,12.7
746387,12.68571429
192260,12.66086957
591902,12.65238095
46460,12.64444444
52093,12.64285714
958839,12.61111111
553810,12.60869565
144538,12.60740741
102399,12.6
745568,12.59047619
30925,12.58
333643,12.57777778
758920,12.5625
227088,12.56153846
241724,12.53870968
100473,12.53529412
798543,12.52307692
652255,12.5125
82742,12.5
503668,12.47931034
758630,12.47777778
202187,12.46666667
776659,12.46315789
211424,12.45925926
96977,12.45714286
238506,12.44
491996,12.43333333
194380,12.39166667
28619,12.38461538
782191,12.36086957
1811373,12.35555556
822874,12.35
1055285,12.33846154
665908,12.3
197460,12.3
869417,12.29166667
239655,12.28333333
923801,12.26
132710,12.23703704
467749,12.23636364
606283,12.2173913
817011,12.2
743968,12.2
352999,12.18333333
30928,12.16666667
25394,12.16190476
221603,12.16153846
639789,12.15833333
248920,12.13636364
170879,12.12222222
166291,12.1
227487,12.08888889
611104,12.07777778
286662,12.075
848572,12.07142857
188432,12.05882353
89305,12.04782609
951384,12
850161,12
273105,11.99047619
75801,11.97142857
16448,11.94545455
649950,11.91304348
463527,11.88235294
750742,11.875
803026,11.87391304
624504,11.86521739
164750,11.85
109637,11.83684211
946560,11.83333333
20319,11.83157895
607028,11.82307692
120010,11.80909091
763601,11.80909091
248452,11.78
167361,11.77647059
627250,11.76
90124,11.72592593
99104,11.7125
947563,11.69473684
329232,11.68181818
26164,11.65454545
37865,11.65
627026,11.625
81017,11.6
213510,11.6
617568,11.55
32193,11.55
380259,11.52
749222,11.5
574057,11.5
568368,11.46296296
797147,11.45454545
792018,11.44736842
378041,11.44444444
838414,11.42592593
285232,11.42222222
808212,11.4
40695,11.38695652
467853,11.33809524
48622,11.33333333
30431,11.32857143
212614,11.3
483334,11.29090909
32401,11.29090909
296815,11.26666667
34617,11.26521739
786080,11.26086957
287917,11.25
221844,11.20952381
400279,11.2
752673,11.175
275130,11.16956522
680003,11.16666667
737886,11.15714286
366889,11.13333333
790509,11.12941176
756518,11.12608696
41431,11.1
938878,11.1
837985,11.06666667
832341,11.04615385
402351,11.03333333
81619,11.01428571
117990,11
925450,10.98333333
333175,10.98
824219,10.96666667
486645,10.94444444
253232,10.925
97384,10.925
957340,10.9
830319,10.89411765
57188,10.89047619
520545,10.875
187413,10.85
236287,10.83333333
762618,10.8
181329,10.79090909
119629,10.76315789
738182,10.75
943268,10.75
14263,10.73478261
118664,10.73333333
771419,10.73157895
21334,10.725
482572,10.72
803544,10.71666667
887638,10.7
771269,10.7
799348,10.69130435
633079,10.65454545
798477,10.65
185669,10.63333333
28002,10.63333333
573410,10.63076923
934243,10.61904762
230667,10.61818182
830425,10.6
620056,10.6
197424,10.57142857
221445,10.56666667
606043,10.56
377581,10.50952381
788582,10.5
868616,10.5
66276,10.49285714
117490,10.45454545
211197,10.45
958768,10.45
812802,10.4375
764636,10.43157895
201297,10.43157895
739041,10.4
845775,10.36666667
73914,10.36
263852,10.35
46784,10.33333333
808336,10.3
809058,10.28
194063,10.275
894831,10.275
476356,10.27142857
924780,10.26666667
78741,10.25882353
399437,10.25217391
761341,10.23333333
123363,10.23333333
450700,10.225
503283,10.225
349180,10.21176471
697350,10.2
176332,10.2
289599,10.16666667
170228,10.16
244073,10.14117647
12877,10.13684211
956973,10.13333333
50034,10.1125
254215,10.1
86927,10.1
268990,10.09230769
520215,10.02941176
393257,10.02857143
11028,10.01764706
140553,10.01666667
663645,10.01111111
475334,10
664346,10
840289,9.970588235
293490,9.966666667
232480,9.954545455
806991,9.952380952
822910,9.9375
918290,9.911764706
216348,9.905882353
551465,9.890909091
221059,9.885714286
304458,9.85
77732,9.836842105
36310,9.833333333
747984,9.811111111
743966,9.775
20862,9.775
502978,9.766666667
12180,9.757142857
490554,9.729411765
296903,9.7
492663,9.7
243777,9.7
98819,9.686956522
194578,9.676470588
745318,9.666666667
135054,9.657142857
166767,9.654545455
855952,9.65
745071,9.644444444
793664,9.618181818
358532,9.617647059
358641,9.615384615
147638,9.609090909
109367,9.604347826
590483,9.6
552325,9.6
859589,9.6
46527,9.590909091
763551,9.590909091
401166,9.557894737
919603,9.55
186125,9.514285714
303651,9.513043478
804706,9.50952381
275386,9.5
230886,9.5
847374,9.471428571
85806,9.466666667
574033,9.466666667
1528006,9.45
620386,9.45
806168,9.45
828756,9.45
170381,9.436363636
66800,9.436363636
169099,9.388888889
206658,9.380952381
50493,9.372727273
67561,9.372727273
119111,9.366666667
68738,9.363157895
889449,9.35
634674,9.3375
790797,9.336363636
751613,9.333333333
5307,9.333333333
51740,9.333333333
202344,9.329411765
409337,9.323529412
184471,9.311111111
109414,9.309090909
818254,9.3
164686,9.3
500298,9.277777778
503602,9.254545455
242211,9.25
490852,9.244444444
368578,9.211111111
58616,9.205882353
752945,9.2
81231,9.2
80649,9.171428571
648407,9.161538462
921542,9.161538462
21578,9.157142857
300583,9.157142857
127766,9.15
180023,9.136363636
919239,9.114285714
532487,9.1
6613,9.1
660053,9.084615385
342833,9.082352941
193342,9.066666667
796736,9.066666667
523661,9.044444444
190235,9.028571429
814220,9.022222222
939565,9
158656,9
603621,9
779209,8.966666667
845662,8.966666667
393031,8.957142857
214546,8.95
825387,8.95
838875,8.95
372322,8.928571429
894664,8.904761905
126782,8.9
195368,8.8875
116087,8.8875
255371,8.871428571
249303,8.866666667
125822,8.854545455
338179,8.838461538
468632,8.838461538
961133,8.833333333
667584,8.825
7731,8.8
3170,8.8
778363,8.8
861687,8.8
760977,8.775
750131,8.75
324819,8.733333333
86750,8.731578947
44994,8.728571429
333766,8.709090909
467382,8.7
479548,8.6875
477001,8.684615385
245133,8.666666667
851639,8.666666667
354189,8.663157895
521674,8.663157895
326096,8.643478261
333447,8.6375
897214,8.615384615
203695,8.611111111
869409,8.607692308
481461,8.6
97949,8.6
674600,8.6
78532,8.5625
18137,8.557894737
661974,8.5
258741,8.5
38805,8.5
616296,8.5
145443,8.471428571
337404,8.466666667
673486,8.457142857
178371,8.447058824
57488,8.4375
836313,8.427272727
749671,8.425
988655,8.4
884686,8.4
169239,8.4
287092,8.388888889
380235,8.385714286
33316,8.383333333
388198,8.357142857
118493,8.355555556
19435,8.35
860561,8.342857143
918600,8.336363636
1266,8.333333333
923323,8.333333333
178135,8.333333333
70027,8.316666667
586798,8.311111111
205520,8.309090909
659299,8.3
680374,8.3
68934,8.3
898275,8.3
175196,8.277777778
146354,8.266666667
797881,8.257142857
617613,8.25
492670,8.25
751256,8.25
868174,8.25
30664,8.25
798113,8.218181818
833631,8.211111111
185383,8.211111111
768149,8.2
100116,8.2
840215,8.2
85397,8.2
615489,8.190909091
215058,8.185714286
509367,8.185714286
279097,8.181818182
573100,8.175
856451,8.154545455
194246,8.153846154
94764,8.15
31441,8.15
511773,8.147058824
863774,8.138461538
753833,8.125
206538,8.116666667
137401,8.114285714
168256,8.1
831733,8.1
8245,8.1
104147,8.1
11242,8.094117647
208997,8.090909091
26023,8.075
174132,8.075
814387,8.066666667
679219,8.063636364
136075,8.042857143
84258,8.042857143
800332,8.033333333
322642,8.033333333
36106,8.028571429
278559,8.028571429
944293,8.022222222
695189,8.0125
300749,8
772721,8
836394,8
787696,8
172582,8
807869,8
134761,8
765435,7.966666667
47421,7.957142857
46381,7.95
147316,7.95
762921,7.933333333
804431,7.933333333
759668,7.928571429
373592,7.928571429
767370,7.925
825924,7.9
942335,7.9
109421,7.9
340152,7.9
681154,7.9
48265,7.9
313128,7.881818182
255210,7.833333333
220946,7.830769231
961152,7.8125
780005,7.8
280692,7.8
595768,7.8
761478,7.8
316340,7.790909091
950441,7.785714286
256575,7.766666667
90079,7.766666667
255887,7.757142857
562663,7.757142857
32971,7.75
899223,7.75
514563,7.75
11970,7.75
103447,7.733333333
314050,7.728571429
3099573,7.727272727
261332,7.711111111
752770,7.7
768231,7.7
45475,7.7
246169,7.666666667
2570457,7.666666667
769388,7.655555556
755792,7.636363636
47134,7.628571429
111963,7.609090909
2273,7.607692308
748262,7.6
760389,7.6
623518,7.581818182
42234,7.575
592595,7.566666667
125506,7.566666667
62860,7.55
318085,7.55
158888,7.528571429
362922,7.511111111
611007,7.5
480108,7.5
355616,7.5
771792,7.5
636382,7.5
502351,7.5
211570,7.5
20760,7.5
577358,7.5
419102,7.5
1032082,7.5
385766,7.466666667
953875,7.453846154
7230,7.45
750456,7.446153846
38100,7.4375
338887,7.4
333539,7.4
617370,7.385714286
568622,7.377777778
628684,7.366666667
36987,7.366666667
787702,7.357142857
202554,7.355555556
78758,7.35
852997,7.342857143
187907,7.333333333
26367,7.333333333
933898,7.333333333
931567,7.333333333
49797,7.333333333
258000,7.333333333
26350,7.329411765
289685,7.328571429
799100,7.3
344729,7.3
264350,7.3
222959,7.3
369389,7.3
890799,7.288888889
120067,7.288888889
341137,7.283333333
414889,7.266666667
802264,7.257142857
304102,7.25
921598,7.25
603036,7.216666667
234647,7.214285714
673114,7.2
665860,7.2
596451,7.2
672498,7.2
131038,7.2
897783,7.2
1028077,7.2
1233067,7.1875
178122,7.185714286
172772,7.185714286
361973,7.175
169578,7.175
919846,7.166666667
48587,7.154545455
456896,7.133333333
461737,7.133333333
165345,7.133333333
120412,7.133333333
852810,7.127272727
687933,7.1
253734,7.1
520583,7.1
1950198,7.083333333
600228,7.076923077
212129,7.061538462
784814,7.057142857
154417,7.05
286530,7.05
517607,7
314155,7
281254,7
283405,7
232869,7
924318,7
211095,7
125561,7
385879,7
664618,7
255770,7
487534,7
320442,7
796281,7
510885,7
359026,7
490860,7
1498,7
591459,7
988627,7
15158,7
68896,7
886961,7
347451,7
358055,7
391177,7
94792,7
994823,7
92107,7
673752,7
503242,7
3214680,7
923745,7
2960510,7
318882,7
2397780,7
46814,7
248885,6.975
201022,6.971428571
449578,6.928571429
128141,6.916666667
674150,6.9
37794,6.9
96142,6.9
14073,6.877777778
322339,6.877777778
228444,6.875
269172,6.875
101895,6.866666667
26952,6.866666667
489606,6.85
495861,6.8
160638,6.8
748904,6.8
411830,6.8
688515,6.8
385180,6.8
920117,6.8
297849,6.8
290414,6.8
630603,6.8
36975,6.8
812480,6.8
40230,6.790909091
153519,6.771428571
61637,6.766666667
781423,6.766666667
142208,6.766666667
987922,6.766666667
753868,6.766666667
650525,6.757142857
591620,6.757142857
717419,6.75
823482,6.733333333
251474,6.725
202033,6.716666667
406583,6.7
207644,6.7
625201,6.7
151549,6.7
1431398,6.688888889
959775,6.676923077
807026,6.666666667
387095,6.666666667
347151,6.666666667
769486,6.666666667
266063,6.666666667
2592086,6.666666667
663455,6.657142857
755496,6.655555556
846634,6.633333333
36537,6.625
741236,6.625
169317,6.614285714
99449,6.614285714
166383,6.6
674161,6.6
900349,6.6
47246,6.6
490769,6.6
1163,6.6
424928,6.6
176360,6.6
72716,6.6
952786,6.6
828507,6.583333333
288111,6.55
26193,6.55
49026,6.55
209517,6.55
691371,6.55
783909,6.545454545
670641,6.545454545
159406,6.544444444
783250,6.542857143
25047,6.533333333
831448,6.533333333
887806,6.514285714
286866,6.514285714
14724,6.511111111
453041,6.5
762821,6.5
91122,6.5
746182,6.5
511041,6.5
156938,6.5
807028,6.5
49367,6.5
26825,6.5
615937,6.5
898946,6.5
158540,6.5
752303,6.5
537444,6.5
800475,6.5
20984,6.5
2124046,6.5
825883,6.5
2639628,6.5
245292,6.485714286
11910,6.466666667
765302,6.4
36402,6.4
220312,6.4
495288,6.4
551115,6.4
185543,6.4
509524,6.4
75665,6.383333333
299776,6.366666667
96576,6.366666667
293897,6.363636364
307135,6.357142857
126048,6.357142857
186390,6.35
527024,6.35
267435,6.35
335937,6.35
923705,6.333333333
746407,6.333333333
929776,6.333333333
503460,6.333333333
945951,6.333333333
128143,6.333333333
519637,6.3
255733,6.3
17387,6.3
485525,6.3
388773,6.3
548397,6.3
922398,6.3
1714462,6.3
315142,6.3
365542,6.3
913130,6.3
382734,6.288888889
329883,6.266666667
395187,6.266666667
3056,6.257142857
690718,6.25
487038,6.25
894962,6.25
60476,6.228571429
35697,6.228571429
956268,6.228571429
384920,6.211111111
267411,6.2
757335,6.2
577261,6.2
677991,6.2
412393,6.2
213273,6.2
32807,6.2
196544,6.181818182
277351,6.177777778
835894,6.177777778
567374,6.177777778
313899,6.166666667
746302,6.15
847880,6.1
248916,6.1
144349,6.1
82639,6.1
657329,6.1
69520,6.1
25857,6.071428571
809357,6.057142857
76658,6.057142857
946563,6.05
750925,6.042857143
497760,6.033333333
340446,6
150048,6
185018,6
376422,6
662642,6
956093,6
209773,6
855356,6
776576,6
301404,6
1097,6
36645,6
696668,6
597875,6
107227,6
831708,6
585896,6
178799,6
391519,6
257787,6
354631,6
1113,6
2006721,6
749571,6
502989,6
122037,6
615304,6
813463,6
400815,6
118791,6
24113,6
803162,6
548020,6
12491,6
115544,6
11046,6
579823,6
307102,6
376793,6
487219,6
749273,6
1824831,6
2717459,6
1009342,6
222153,6
933458,6
469519,6
631275,6
2165952,6
44776,6
386560,6
793225,6
1029659,6
996127,6
670734,6
736318,6
866215,6
580300,6
2385504,6
2766592,6
1599476,6
2659130,6
2814183,6
385611,5.988888889
683658,5.975
247004,5.975
803242,5.966666667
194039,5.966666667
21009,5.966666667
761064,5.955555556
58360,5.942857143
371879,5.933333333
193444,5.933333333
312126,5.933333333
350585,5.928571429
757665,5.928571429
754587,5.925
642796,5.909090909
59699,5.909090909
795841,5.909090909
793898,5.909090909
615026,5.9
300035,5.9
90169,5.9
810592,5.9
153503,5.9
765900,5.9
955647,5.9
46214,5.883333333
934350,5.877777778
294197,5.875
62729,5.85
62270,5.85
918569,5.85
748088,5.85
99888,5.844444444
1211412,5.833333333
738674,5.833333333
89058,5.833333333
559405,5.8
667556,5.8
99198,5.8
468911,5.8
685031,5.8
243012,5.8
778959,5.8
1777836,5.8
143559,5.8
829033,5.8
317571,5.8
777009,5.8
720741,5.8
1013375,5.8
990366,5.8
102781,5.8
179126,5.785714286
40922,5.785714286
651187,5.725
68898,5.725
118384,5.7
50520,5.7
111794,5.675
502806,5.666666667
961688,5.666666667
741380,5.666666667
742980,5.666666667
614455,5.666666667
545534,5.666666667
238245,5.666666667
74397,5.666666667
193594,5.666666667
2252,5.657142857
869487,5.657142857
6855,5.642857143
955009,5.636363636
493412,5.633333333
381371,5.633333333
928160,5.633333333
85038,5.633333333
720786,5.633333333
290853,5.625
921384,5.622222222
753104,5.622222222
171693,5.6
884449,5.6
104388,5.6
674163,5.6
620578,5.6
803752,5.6
773407,5.6
762990,5.6
147771,5.6
472735,5.6
71373,5.6
789514,5.6
648106,5.6
147245,5.55
77560,5.533333333
101164,5.514285714
926115,5.514285714
214383,5.514285714
276592,5.511111111
826364,5.5
766533,5.5
192338,5.5
583935,5.5
570046,5.5
778906,5.5
88035,5.5
555695,5.5
185440,5.5
888484,5.5
648097,5.5
857621,5.5
57280,5.5
710448,5.5
16186,5.5
2867436,5.5
2393596,5.5
165294,5.475
796710,5.475
290775,5.475
125528,5.4
480472,5.4
25778,5.4
731975,5.4
819946,5.4
6143,5.4
31442,5.4
77306,5.371428571
987481,5.371428571
604924,5.371428571
287860,5.366666667
132940,5.366666667
665944,5.363636364
203670,5.357142857
310455,5.35
754767,5.35
43520,5.35
101795,5.333333333
299277,5.333333333
58361,5.333333333
961427,5.333333333
277572,5.333333333
647834,5.3
108446,5.3
605965,5.3
795054,5.3
625278,5.3
666244,5.3
1589051,5.3
237773,5.3
639748,5.3
124248,5.3
755152,5.3
584695,5.292307692
193025,5.266666667
607094,5.266666667
216586,5.266666667
866271,5.266666667
184677,5.266666667
516202,5.228571429
367417,5.228571429
158717,5.228571429
106514,5.228571429
167296,5.228571429
601421,5.225
98944,5.2
3413,5.185714286
121318,5.175
4451,5.166666667
132095,5.166666667
256831,5.15
13377,5.15
812101,5.15
1913210,5.15
66869,5.1
742673,5.1
785357,5.1
222601,5.1
327130,5.1
949211,5.1
769523,5.1
148355,5.071428571
755918,5.05
285693,5.033333333
748421,5
619388,5
990384,5
1416172,5
787960,5
228299,5
926108,5
935990,5
641626,5
80443,5
49062,5
150530,5
296601,5
741525,5
359559,5
165068,5
806740,5
401114,5
167220,5
944105,5
97491,5
363100,5
87922,5
424302,5
67539,5
274520,5
75329,5
574143,5
126862,5
753507,5
316611,5
861757,5
951374,5
741731,5
57497,5
403454,5
153915,5
106916,5
500612,5
953552,5
48806,5
20740,5
1518379,5
847970,5
617536,5
414291,5
756959,5
118979,5
232598,5
757070,5
186545,5
847305,5
16132,5
791734,5
855232,5
621101,5
333903,5
528895,5
299567,5
896817,5
451183,5
69761,5
343455,5
175379,5
382565,5
146796,5
199229,5
491174,5
17937,5
191070,5
98467,5
355142,5
212810,5
793456,5
159410,5
146088,5
8125,5
558954,5
664770,5
808155,5
43572,5
664272,5
124825,5
812239,5
185591,5
540139,5
868063,5
497236,5
562850,5
159340,5
662416,5
9218,5
472102,5
331400,5
676818,5
2995948,5
468938,5
572508,5
325727,5
2063135,5
73682,5
219428,5
987777,5
1055021,5
485365,5
780948,5
215513,5
1072350,5
122219,5
130037,5
861252,5
1028746,5
2782403,5
2674162,5
274637,5
2507287,5
2518003,5
319945,4.966666667
1312035,4.966666667
136124,4.966666667
609590,4.966666667
182302,4.966666667
11620,4.955555556
97786,4.942857143
59503,4.942857143
3495279,4.933333333
90011,4.933333333
781350,4.933333333
217963,4.933333333
593129,4.933333333
480956,4.933333333
778656,4.933333333
166505,4.933333333
233136,4.933333333
29609,4.9
1426748,4.9
130855,4.85
42589,4.85
5366,4.85
163835,4.844444444
664883,4.833333333
620126,4.833333333
892775,4.8
754055,4.8
1908947,4.8
259240,4.8
818366,4.8
484607,4.8
952834,4.8
854203,4.8
198426,4.8
1016154,4.8
189641,4.8
201667,4.8
960874,4.8
595559,4.8
923063,4.8
94861,4.8
896216,4.8
360956,4.733333333
891907,4.7
677352,4.7
46345,4.675
585092,4.666666667
126903,4.657142857
470588,4.657142857
424117,4.65
843259,4.65
331473,4.65
127889,4.633333333
190888,4.6
298225,4.6
364861,4.6
406657,4.6
138560,4.6
332641,4.6
791609,4.6
793848,4.6
990368,4.6
488921,4.533333333
184637,4.5
215041,4.5
159312,4.5
574119,4.5
854854,4.5
74857,4.5
782631,4.5
841950,4.5
159655,4.5
787940,4.5
340364,4.5
3426,4.5
2435745,4.5
935739,4.5
601430,4.4
190531,4.4
614982,4.4
783025,4.4
342691,4.4
6232,4.4
96944,4.4
396154,4.4
225754,4.4
40294,4.4
160428,4.4
64954,4.371428571
51066,4.333333333
744969,4.333333333
371530,4.333333333
253457,4.3
169228,4.3
1606776,4.3
771470,4.3
951375,4.3
241004,4.3
769109,4.3
642427,4.3
639621,4.3
944933,4.3
927795,4.3
135059,4.3
494746,4.3
413683,4.3
656420,4.3
243418,4.3
614933,4.3
840708,4.3
9441,4.266666667
330453,4.266666667
210757,4.266666667
25899,4.266666667
866417,4.266666667
201958,4.266666667
528243,4.266666667
478246,4.2
354158,4.2
140521,4.2
200448,4.2
797670,4.15
1536402,4.15
667622,4.15
146551,4.15
845668,4.1
933568,4.085714286
580485,4.033333333
825168,4
681171,4
161351,4
143367,4
183715,4
190012,4
441,4
495455,4
988529,4
281564,4
792051,4
922811,4
149173,4
51233,4
204968,4
942624,4
132849,4
261087,4
216294,4
668127,4
193802,4
3669,4
255347,4
280960,4
178645,4
855780,4
109669,4
540010,4
807068,4
672269,4
247824,4
757177,4
268161,4
168110,4
600640,4
1839912,4
147294,4
388972,4
121746,4
108265,4
107249,4
217641,4
724720,4
496370,4
145543,4
297839,4
597239,4
759224,4
812388,4
450991,4
233147,4
299840,4
509156,4
552576,4
230111,4
169124,4
295976,4
105030,4
337015,4
292876,4
663424,4
81836,4
855619,4
518252,4
483716,4
185999,4
175025,4
138071,4
937150,4
818702,4
478173,4
800695,4
887513,4
59758,4
1409777,4
312062,4
811395,4
151988,4
771838,4
84446,4
109628,4
3413511,4
879144,4
128873,4
798658,4
854866,4
749743,4
587631,4
1422105,4
677241,4
2290007,4
944700,4
822089,4
19740,4
405142,4
619536,4
546738,4
366681,4
178301,4
1507678,4
2873356,4
1035160,4
479149,4
284939,4
985076,4
1391526,4
573391,4
52062,4
3006966,4
588887,4
261309,4
2896351,4
203804,3.933333333
921289,3.933333333
796914,3.933333333
921359,3.933333333
352524,3.9
948333,3.9
578028,3.8
415239,3.8
485991,3.8
112204,3.8
118128,3.8
354883,3.8
747243,3.8
694411,3.8
109274,3.8
308625,3.8
309068,3.8
334243,3.8
852405,3.8
14201,3.8
1611,3.8
28692,3.65
740576,3.65
196370,3.65
789340,3.633333333
814340,3.633333333
178621,3.633333333
28316,3.6
163577,3.6
574483,3.6
408531,3.6
293391,3.6
836017,3.6
188202,3.5
695019,3.5
40501,3.5
399733,3.5
277977,3.4
6563,3.4
829125,3.3
82037,3.3
892586,3.3
147481,3.3
588679,3.266666667
161173,3.266666667
314372,3.266666667
17060,3.266666667
65094,3.15
199369,3.15
151666,3.15
90389,3
188190,3
465562,3
75591,3
161830,3
933633,3
799644,3
475431,3
898188,3
391285,3
347639,3
300013,3
186805,3
251033,3
674310,3
254556,3
142767,3
491786,3
185155,3
420504,3
621959,3
801615,3
391003,3
302774,3
98278,3
123515,3
426564,3
199090,3
38291,3
746915,3
234374,3
620603,3
143749,3
674262,3
199917,3
224925,3
101415,3
492521,3
450786,3
890724,3
47401,3
100659,3
101628,3
755745,3
852665,3
107247,3
58934,3
947752,3
48757,3
226556,3
69348,3
107556,3
125829,3
252026,3
125569,3
869708,3
937397,3
890559,3
127301,3
29604,3
760214,3
511257,3
255268,3
39828,3
134051,3
380651,3
681718,3
782163,3
843995,3
181817,3
985124,3
1573712,3
2450537,3
115554,3
280897,3
187422,3
581713,3
849405,3
2031918,3
3161008,3
180516,3
588246,3
2412330,3
95176,3
586843,3
325357,3
460390,3
80358,3
50581,3
2365087,3
641709,2.9
680065,2.8
932299,2.8
85445,2.8
753422,2.8
332536,2.8
205627,2.8
84886,2.8
749272,2.65
48123,2.3
919418,2.3
600069,2
423095,2
494474,2
318966,2
1340026,2
167399,2
392553,2
654543,2
947576,2
216986,2
781399,2
123754,2
608135,2
765773,2
104314,2
278644,2
569119,2
647670,2
414506,2
931231,2
38061,2
45560,2
110564,2
359555,2
276626,2
97395,2
467444,2
230963,2
863733,2
1717415,2
2048033,2
105462,2
569600,2
2598627,2
123345,1.933333333
216212,1.8
228058,1.8
508391,1.8
253861,1
651796,1
35864,1
618230,1
122381,1
207290,1
16574,1
74,0
589,0
1589,0
2578,0
2750,0
2867,0
3226,0
4358,0
4458,0
4553,0
4955,0
6568,0
6860,0
7031,0
7974,0
8570,0
8591,0
9437,0
9490,0
9787,0
9970,0
11052,0
11210,0
11506,0
11608,0
11664,0
12570,0
12595,0
12972,0
13038,0
13101,0
13583,0
13755,0
14329,0
14699,0
14757,0
14822,0
14931,0
14959,0
15405,0
15856,0
16227,0
16235,0
16925,0
17021,0
17882,0
18513,0
18691,0
18828,0
18862,0
19029,0
19133,0
19392,0
19831,0
19953,0
20028,0
20729,0
20812,0
20919,0
20971,0
21008,0
21492,0
21670,0
22020,0
22369,0
22574,0
22602,0
22981,0
23147,0
23202,0
23411,0
23925,0
23982,0
24139,0
24152,0
24309,0
24329,0
25142,0
25236,0
25965,0
26161,0
26637,0
27102,0
27221,0
28015,0
28863,0
28918,0
29365,0
29600,0
30250,0
31158,0
31617,0
31697,0
31765,0
31823,0
31969,0
31971,0
32045,0
32301,0
32333,0
32409,0
33481,0
33995,0
34382,0
34867,0
34880,0
36312,0
36327,0
36849,0
37026,0
37197,0
37931,0
38321,0
39342,0
39406,0
39637,0
40124,0
40648,0
41283,0
41462,0
41976,0
43348,0
44663,0
44998,0
45287,0
45379,0
45745,0
45941,0
46429,0
46626,0
48061,0
48126,0
48811,0
48903,0
49163,0
50588,0
50967,0
51230,0
51603,0
53204,0
53221,0
53441,0
53606,0
53916,0
54982,0
55778,0
55939,0
56193,0
57151,0
57205,0
57577,0
57636,0
57923,0
58947,0
59949,0
59989,0
60012,0
61041,0
61792,0
61912,0
62412,0
62455,0
62609,0
63340,0
64149,0
64830,0
65040,0
65620,0
66514,0
67529,0
69805,0
70586,0
70704,0
71166,0
71636,0
72109,0
72861,0
72941,0
72998,0
73444,0
73553,0
73969,0
74005,0
74520,0
74776,0
74952,0
75308,0
76788,0
77264,0
77578,0
77952,0
77963,0
78467,0
79959,0
80340,0
80494,0
80609,0
81248,0
81739,0
81832,0
81841,0
81849,0
82149,0
82955,0
83106,0
84387,0
84777,0
85271,0
86250,0
86828,0
87697,0
87741,0
88587,0
89071,0
89306,0
89828,0
89870,0
89873,0
90174,0
91312,0
91549,0
91651,0
91763,0
91852,0
92507,0
93565,0
93859,0
93872,0
96679,0
96701,0
96804,0
97065,0
97200,0
97203,0
97426,0
97509,0
97654,0
98361,0
98688,0
98707,0
99508,0
99730,0
99770,0
100197,0
100496,0
100575,0
100840,0
101072,0
101575,0
102750,0
102964,0
103460,0
103600,0
104217,0
104548,0
105329,0
105638,0
105685,0
106145,0
107753,0
107950,0
108249,0
108283,0
108340,0
108774,0
109012,0
109202,0
109263,0
109542,0
109784,0
110011,0
110454,0
110791,0
110792,0
110945,0
111969,0
113082,0
113721,0
115079,0
115140,0
116425,0
116465,0
117356,0
118243,0
118503,0
118665,0
118798,0
119058,0
119469,0
119655,0
120163,0
120411,0
121236,0
121584,0
121778,0
121863,0
122738,0
122795,0
124881,0
125088,0
125940,0
126168,0
126287,0
126731,0
127898,0
128231,0
128244,0
129254,0
129551,0
129591,0
129945,0
130418,0
130552,0
130686,0
130922,0
131603,0
132856,0
133177,0
133420,0
133883,0
133957,0
133988,0
135740,0
137430,0
137904,0
137980,0
138235,0
138335,0
139212,0
139475,0
139566,0
139655,0
141683,0
141774,0
141893,0
142963,0
143490,0
143781,0
144629,0
145489,0
146478,0
146755,0
147306,0
147468,0
147785,0
148004,0
148227,0
149102,0
150181,0
151240,0
151504,0
152384,0
153103,0
153129,0
153630,0
153933,0
154297,0
154822,0
155091,0
155170,0
155801,0
156122,0
156484,0
156749,0
156950,0
157063,0
157377,0
158018,0
158765,0
160742,0
161436,0
161637,0
162265,0
162794,0
162943,0
163059,0
163213,0
163435,0
163977,0
164175,0
164504,0
165076,0
165077,0
165117,0
165354,0
165652,0
166025,0
166033,0
167762,0
168126,0
169088,0
169189,0
169818,0
169948,0
170214,0
170758,0
171015,0
171220,0
171726,0
171854,0
171889,0
172205,0
172770,0
173007,0
173647,0
174007,0
174198,0
174506,0
175049,0
175459,0
175525,0
175538,0
175579,0
175992,0
176083,0
176148,0
176859,0
177117,0
177336,0
177372,0
177856,0
177957,0
178051,0
178143,0
178345,0
178549,0
178654,0
178750,0
179105,0
179191,0
179636,0
179714,0
180503,0
181719,0
183311,0
183699,0
183777,0
184199,0
184208,0
184406,0
184451,0
185617,0
186440,0
186481,0
187172,0
188206,0
188261,0
188467,0
188697,0
188809,0
189229,0
189831,0
189848,0
190843,0
191175,0
191983,0
192840,0
193305,0
194008,0
195373,0
195634,0
196200,0
196254,0
196976,0
197475,0
197582,0
197757,0
199089,0
199194,0
200322,0
201593,0
201668,0
201716,0
202084,0
202089,0
202162,0
203592,0
203764,0
203765,0
204847,0
204850,0
205442,0
205838,0
205959,0
206167,0
206668,0
207360,0
208893,0
209019,0
210142,0
210143,0
210276,0
210830,0
211146,0
211578,0
212006,0
213561,0
214580,0
215296,0
215997,0
217344,0
217994,0
218473,0
218709,0
219287,0
220024,0
220403,0
221426,0
221660,0
222387,0
222748,0
223523,0
223683,0
223861,0
224345,0
225607,0
225690,0
225944,0
226420,0
226908,0
227708,0
228180,0
228371,0
228889,0
230105,0
230244,0
230297,0
230845,0
231013,0
231225,0
231342,0
231397,0
233300,0
234192,0
237668,0
238686,0
238968,0
240009,0
240267,0
240503,0
241635,0
241650,0
242578,0
242949,0
243238,0
244048,0
244608,0
245250,0
245513,0
245534,0
246032,0
246127,0
246487,0
247065,0
247699,0
247963,0
249444,0
249528,0
250798,0
251206,0
251437,0
251851,0
252315,0
252495,0
252509,0
252513,0
253076,0
253137,0
253296,0
253657,0
253914,0
254083,0
254411,0
254827,0
254972,0
255051,0
255377,0
255576,0
256482,0
256528,0
256557,0
256951,0
256974,0
257364,0
258514,0
258567,0
258947,0
260007,0
260384,0
261106,0
261623,0
263271,0
263995,0
264430,0
264499,0
264617,0
266129,0
266151,0
266503,0
268700,0
270060,0
270243,0
270770,0
272563,0
272713,0
275335,0
276917,0
277059,0
277496,0
277764,0
279308,0
279315,0
279395,0
281225,0
281953,0
282752,0
282912,0
283015,0
283335,0
284207,0
284546,0
286092,0
286439,0
286518,0
286572,0
286639,0
288350,0
288985,0
289058,0
291235,0
293448,0
293969,0
294126,0
295274,0
295285,0
295933,0
297569,0
300578,0
302026,0
302955,0
303422,0
305335,0
306851,0
307083,0
307913,0
308013,0
309839,0
310724,0
310905,0
312004,0
312464,0
312657,0
313521,0
314576,0
314923,0
315104,0
316269,0
317129,0
319846,0
319956,0
320470,0
321126,0
321944,0
322365,0
322765,0
323641,0
328201,0
328824,0
328956,0
329542,0
329978,0
330061,0
331323,0
331666,0
333648,0
334041,0
334054,0
334216,0
335431,0
338287,0
338593,0
340527,0
342004,0
343215,0
344037,0
344332,0
344609,0
345227,0
345426,0
345708,0
346684,0
346806,0
347741,0
348884,0
350139,0
350892,0
352164,0
352575,0
352770,0
354609,0
355052,0
355208,0
355998,0
356422,0
357057,0
358528,0
359123,0
360948,0
361541,0
363307,0
363327,0
365821,0
367156,0
367231,0
367272,0
369183,0
369955,0
370326,0
372986,0
375101,0
376888,0
377035,0
377060,0
380737,0
382630,0
382671,0
383056,0
383853,0
385393,0
385797,0
387097,0
387219,0
387352,0
388167,0
389378,0
390185,0
390743,0
391151,0
391586,0
392856,0
392925,0
394013,0
394325,0
395633,0
397156,0
397794,0
398020,0
398892,0
398909,0
399249,0
399361,0
400717,0
402117,0
403784,0
404136,0
404529,0
404734,0
405113,0
405494,0
405732,0
406589,0
407101,0
407331,0
407942,0
408500,0
409985,0
411487,0
412715,0
413405,0
413853,0
418519,0
419197,0
422658,0
422891,0
423467,0
428329,0
428725,0
444140,0
447241,0
448144,0
448152,0
448207,0
450883,0
451398,0
453009,0
453908,0
454240,0
457692,0
459860,0
460553,0
461391,0
461698,0
463663,0
464348,0
466442,0
471645,0
473652,0
473909,0
474150,0
475010,0
475511,0
475650,0
476248,0
476282,0
476425,0
476541,0
476558,0
476599,0
476744,0
477787,0
477793,0
479204,0
479772,0
480549,0
480984,0
481827,0
483473,0
483563,0
484880,0
484890,0
485118,0
485204,0
485689,0
486115,0
486395,0
487357,0
487614,0
488394,0
489435,0
490805,0
491565,0
494016,0
494038,0
494774,0
495547,0
495702,0
497277,0
498241,0
498484,0
499683,0
499745,0
499780,0
501537,0
501860,0
502198,0
502269,0
503247,0
507558,0
507955,0
507975,0
510953,0
513813,0
515156,0
515600,0
515641,0
515750,0
515790,0
517796,0
518937,0
519954,0
521564,0
522430,0
524634,0
529050,0
531653,0
532610,0
533042,0
533503,0
533551,0
535892,0
536035,0
536321,0
537414,0
538840,0
540742,0
540867,0
541760,0
543169,0
544965,0
546205,0
546735,0
546926,0
546976,0
548180,0
550940,0
551762,0
551872,0
554804,0
556199,0
556292,0
557191,0
557905,0
559501,0
559785,0
559927,0
560554,0
561037,0
562105,0
562144,0
562615,0
563390,0
566138,0
566448,0
566988,0
567153,0
567294,0
567769,0
567959,0
569064,0
570155,0
571258,0
571472,0
572105,0
572327,0
572578,0
574035,0
576072,0
577701,0
579037,0
579234,0
581859,0
582419,0
582463,0
582629,0
583843,0
585210,0
585874,0
586319,0
588145,0
588918,0
589209,0
589256,0
589767,0
589802,0
592161,0
593772,0
594113,0
594309,0
594765,0
595969,0
597269,0
597314,0
599777,0
600264,0
600386,0
600435,0
600720,0
601697,0
603226,0
603980,0
604090,0
604702,0
607105,0
612095,0
614830,0
615247,0
616664,0
616979,0
617980,0
618589,0
618713,0
618726,0
619460,0
620759,0
621112,0
622277,0
622604,0
623443,0
624107,0
624190,0
624282,0
625203,0
625731,0
626115,0
626310,0
626774,0
626939,0
627787,0
628571,0
628912,0
630845,0
631071,0
631078,0
631667,0
632233,0
632986,0
633044,0
633080,0
633313,0
633358,0
634463,0
635425,0
635760,0
635930,0
636511,0
636841,0
638603,0
638632,0
638918,0
638960,0
640208,0
641111,0
642354,0
643543,0
643682,0
643755,0
644216,0
645956,0
646260,0
647156,0
647246,0
650362,0
651848,0
651972,0
652178,0
652192,0
656021,0
656541,0
657041,0
657062,0
660155,0
660244,0
662149,0
662225,0
662545,0
663255,0
664457,0
665824,0
665945,0
666073,0
666623,0
667657,0
667738,0
668222,0
669057,0
669194,0
670273,0
671204,0
671452,0
672411,0
672835,0
672918,0
673082,0
673883,0
674417,0
674749,0
674937,0
675351,0
675500,0
675728,0
675976,0
676313,0
677089,0
678098,0
678459,0
678650,0
678769,0
679749,0
683921,0
684612,0
686359,0
689836,0
689965,0
691616,0
694273,0
694325,0
695943,0
697391,0
701790,0
711954,0
716469,0
717234,0
721409,0
721416,0
722133,0
722448,0
723868,0
724598,0
725175,0
726201,0
726942,0
727318,0
729857,0
732652,0
733717,0
737969,0
739713,0
739975,0
740569,0
741127,0
741512,0
741671,0
741692,0
743623,0
743709,0
744736,0
746128,0
746409,0
746470,0
746707,0
747028,0
747200,0
747561,0
747761,0
748827,0
748933,0
749132,0
749335,0
750146,0
750895,0
751201,0
752022,0
752094,0
752150,0
752613,0
752812,0
753004,0
753056,0
753098,0
753254,0
753570,0
753598,0
753742,0
755030,0
756754,0
757093,0
757251,0
758402,0
758661,0
759187,0
759454,0
759694,0
760238,0
760417,0
760658,0
761109,0
762097,0
762496,0
762663,0
763670,0
763747,0
763831,0
765494,0
765997,0
766354,0
766444,0
766557,0
767404,0
767558,0
768241,0
768367,0
768455,0
768585,0
768737,0
769638,0
770628,0
770853,0
771388,0
773063,0
773615,0
773666,0
774227,0
774909,0
774983,0
775212,0
775254,0
775446,0
775494,0
775588,0
775694,0
775850,0
775904,0
776406,0
776408,0
777054,0
777366,0
777466,0
778526,0
778655,0
778925,0
778960,0
779146,0
779599,0
780955,0
781680,0
782297,0
782375,0
784010,0
784056,0
784122,0
784535,0
784597,0
784811,0
785500,0
785817,0
786126,0
787428,0
787579,0
788347,0
789055,0
789754,0
790224,0
790496,0
791308,0
792190,0
792348,0
792839,0
792852,0
793108,0
793913,0
794161,0
794257,0
794306,0
794401,0
794419,0
795053,0
795271,0
795288,0
795387,0
795905,0
797470,0
798587,0
798751,0
800492,0
802048,0
802382,0
803115,0
803469,0
803513,0
803533,0
804338,0
804516,0
804635,0
805225,0
805493,0
806523,0
806601,0
807181,0
807294,0
807361,0
807428,0
808003,0
808304,0
808388,0
808613,0
808626,0
809900,0
810166,0
810912,0
810996,0
811178,0
812040,0
812476,0
812741,0
812877,0
813910,0
814312,0
814530,0
815837,0
816267,0
816844,0
818576,0
818627,0
820596,0
820780,0
821252,0
821675,0
822913,0
823762,0
824406,0
824879,0
824895,0
825209,0
825793,0
826936,0
827224,0
827760,0
827859,0
828349,0
829717,0
830063,0
830890,0
832833,0
833539,0
833610,0
835085,0
836103,0
836376,0
836737,0
837311,0
837328,0
837526,0
837886,0
838327,0
838847,0
838884,0
839037,0
839432,0
840348,0
840812,0
841160,0
841870,0
841881,0
842379,0
842492,0
844043,0
844440,0
845196,0
845918,0
846671,0
847703,0
847756,0
851205,0
851240,0
852656,0
852718,0
852970,0
853254,0
855034,0
855655,0
857887,0
858006,0
858788,0
859026,0
860985,0
860996,0
861057,0
861600,0
862343,0
862761,0
862855,0
862902,0
865403,0
866767,0
866769,0
867307,0
867978,0
867980,0
868086,0
868628,0
869364,0
870646,0
870809,0
873085,0
882431,0
883069,0
883619,0
884251,0
884269,0
885138,0
885298,0
885387,0
885569,0
886648,0
887235,0
887990,0
888262,0
888394,0
888942,0
889276,0
890683,0
891911,0
894930,0
895074,0
895365,0
896041,0
896309,0
896600,0
897035,0
897382,0
907868,0
911827,0
912566,0
914671,0
915816,0
915835,0
916783,0
918111,0
918140,0
919717,0
920004,0
920165,0
921024,0
921554,0
921888,0
922301,0
922704,0
923208,0
923332,0
923497,0
924306,0
925635,0
925636,0
926021,0
926085,0
927278,0
929659,0
929673,0
930651,0
931015,0
931869,0
932328,0
932922,0
933621,0
933927,0
934305,0
934367,0
934801,0
935117,0
935413,0
936009,0
936126,0
936521,0
937242,0
937703,0
938337,0
938487,0
938798,0
939033,0
939871,0
940246,0
943649,0
944643,0
945245,0
945687,0
945711,0
946940,0
948080,0
948625,0
949025,0
949204,0
949579,0
949980,0
950777,0
950805,0
951589,0
951825,0
952503,0
953102,0
954189,0
954322,0
954592,0
955700,0
955773,0
955936,0
956088,0
956675,0
958087,0
958117,0
958444,0
959490,0
963992,0
977198,0
977209,0
978359,0
983872,0
984877,0
985047,0
986573,0
986695,0
987643,0
988307,0
988448,0
989528,0
989540,0
992260,0
992751,0
992857,0
993302,0
993494,0
996075,0
996096,0
996141,0
996795,0
997568,0
997588,0
998969,0
999790,0
1000302,0
1000558,0
1002017,0
1002889,0
1003087,0
1003907,0
1006451,0
1011101,0
1011315,0
1011504,0
1013037,0
1013109,0
1019495,0
1019633,0
1032216,0
1032454,0
1036613,0
1038956,0
1039555,0
1041338,0
1050323,0
1061166,0
1061368,0
1061504,0
1062118,0
1072783,0
1084430,0
1098849,0
1176481,0
1194716,0
1213943,0
1232396,0
1273359,0
1276114,0
1352264,0
1379627,0
1390230,0
1393036,0
1393658,0
1405469,0
1435165,0
1449541,0
1451327,0
1453090,0
1456229,0
1459978,0
1471849,0
1476233,0
1482685,0
1502854,0
1528100,0
1545319,0
1563731,0
1580437,0
1583976,0
1585751,0
1590871,0
1591840,0
1593570,0
1596642,0
1598199,0
1619044,0
1620705,0
1629657,0
1630569,0
1740826,0
1772438,0
1781875,0
1784311,0
1814388,0
1836313,0
1944458,0
1957634,0
1960811,0
1968188,0
1971972,0
1973181,0
1984584,0
1988927,0
2003453,0
2010336,0
2014409,0
2016362,0
2034242,0
2035658,0
2036252,0
2040645,0
2043318,0
2043528,0
2055729,0
2059306,0
2060288,0
2061191,0
2064609,0
2080238,0
2085875,0
2089077,0
2113374,0
2114297,0
2115414,0
2118074,0
2120504,0
2128228,0
2129441,0
2133637,0
2135629,0
2136598,0
2138857,0
2139934,0
2142078,0
2142940,0
2264745,0
2285572,0
2289986,0
2312742,0
2336424,0
2363198,0
2366358,0
2367865,0
2370408,0
2372262,0
2373828,0
2376287,0
2377304,0
2393563,0
2394289,0
2395521,0
2397707,0
2397826,0
2398414,0
2401289,0
2406958,0
2424073,0
2424501,0
2437431,0
2440425,0
2444397,0
2455573,0
2468217,0
2478029,0
2495841,0
2508103,0
2509942,0
2515882,0
2517403,0
2517606,0
2518402,0
2526137,0
2527840,0
2528416,0
2532578,0
2534053,0
2540309,0
2564904,0
2571020,0
2571333,0
2575506,0
2577357,0
2577980,0
2593754,0
2595668,0
2596970,0
2619843,0
2620029,0
2640328,0
2641312,0
2649123,0
2660270,0
2674420,0
2681783,0
2684665,0
2690165,0
2701931,0
2702854,0
2729330,0
2732005,0
2739175,0
2742344,0
2744416,0
2754189,0
2759830,0
2775792,0
2784799,0
2786685,0
2795282,0
2795896,0
2800003,0
2802154,0
2802487,0
2806733,0
2811293,0
2823663,0
2824778,0
2825107,0
2831504,0
2841398,0
2854537,0
2854547,0
2855520,0
2869578,0
2872922,0
2877943,0
2877945,0
2895189,0
2899881,0
2921660,0
2923522,0
2939023,0
2940524,0
2942900,0
2948162,0
2986022,0
2991317,0
2995915,0
2996996,0
2999777,0
3007613,0
3018423,0
3020237,0
3043787,0
3044549,0
3045620,0
3052730,0
3052733,0
3061665,0
3064351,0
3065088,0
3065843,0
3067310,0
3068662,0
3077599,0
3085111,0
3088724,0
3101434,0
3102954,0
3103730,0
3105903,0
3115003,0
3117973,0
3120458,0
3125793,0
3139368,0
3144637,0
3145435,0
3145706,0
3145761,0
3145947,0
3153419,0
3158075,0
3171799,0
3172484,0
3178543,0
3178979,0
3180014,0
3185359,0
3188027,0
3190264,0
3200278,0
3200736,0
3206669,0
3206766,0
3210853,0
3211361,0
3216219,0
3224219,0
3226468,0
3227782,0
3236942,0
3237096,0
3239681,0
3242655,0
3256615,0
3268224,0
3271457,0
3272048,0
3276902,0
3278115,0
3288126,0
3306945,0
3308665,0
3313123,0
3314964,0
3315236,0
3316228,0
3319054,0
3323342,0
3329291,0
3337670,0
3345212,0
3347207,0
3359519,0
3361526,0
3366296,0
3370668,0
3376900,0
3379291,0
3380137,0
3381566,0
3383741,0
3391646,0
3391937,0
3392996,0
3393991,0
3397785,0
3406269,0
3407597,0
3408531,0
3410250,0
3411865,0
3413218,0
3415304,0
3416601,0
3416819,0
3420473,0
3426731,0
3427505,0
3435164,0
3441660,0
3445208,0
3446629,0
3449693,0
3451786,0
3455720,0
3455945,0
3460695,0
3462371,0
3462822,0
3462983,0
3469567,0
3474187,0
3474579,0
3475903,0
3477547,0
3480388,0
3486253,0
3506278,0
3511314,0
3513172,0
3523590,0
3535210,0
3539434,0
3559122,0
3567510,0
3606027,0
3632715,0
3637248,0
3639618,0
3659356,0
3661296,0
3661738,0
3670556,0
